{
  "type": "FeatureCollection",
  "features": [
    {
      "type": "Feature",
      "geometry": {
        "type": "Point",
        "coordinates": [
          23.6416,
          61.1969
        ]
      },
      "properties": {
        "lipas_id": "516617",
        "nimi": "Arajärven talviuintipaikka",
        "kunta": "Akaa",
        "url": "https://lipas.fi/liikuntapaikat/516617",
        "maksullinen": "",
        "kertapääsy": "",
        "pukuhuone": "",
        "sauna": "",
        "huomio": "",
        "lipas_url": "https://lipas.fi/liikuntapaikat/516617",
        "address": "Arajärventie 603, 37830 Akaa",
        "address_source": "https://lipas.fi/liikuntapaikka/516617",
        "address_checked_at": "2026-10-03"
      }
    },
    {
      "type": "Feature",
      "geometry": {
        "type": "Point",
        "coordinates": [
          23.9031,
          61.192
        ]
      },
      "properties": {
        "lipas_id": "529917",
        "nimi": "Toijalan sataman talviuintipaikka",
        "kunta": "Akaa",
        "url": "https://lipas.fi/liikuntapaikat/529917",
        "maksullinen": "",
        "kertapääsy": "",
        "pukuhuone": "",
        "sauna": "",
        "huomio": "",
        "lipas_url": "https://lipas.fi/liikuntapaikat/529917",
        "address": "Kangassaarentie 14, 37800 Akaa",
        "address_source": "",
        "address_checked_at": ""
      }
    },
    {
      "type": "Feature",
      "geometry": {
        "type": "Point",
        "coordinates": [
          23.8023,
          63.0688
        ]
      },
      "properties": {
        "lipas_id": "612275",
        "nimi": "Suvirannan saunatupa",
        "kunta": "Alajärvi",
        "url": "https://lipas.fi/liikuntapaikat/612275",
        "maksullinen": "",
        "kertapääsy": "",
        "pukuhuone": "",
        "sauna": "",
        "huomio": "",
        "lipas_url": "https://lipas.fi/liikuntapaikat/612275",
        "address": "Suvirannantie 250, 62830 Luoma-Aho",
        "address_source": "https://lipas.fi/liikuntapaikka/612275",
        "address_checked_at": "2026-10-03"
      }
    },
    {
      "type": "Feature",
      "geometry": {
        "type": "Point",
        "coordinates": [
          24.2799,
          64.2286
        ]
      },
      "properties": {
        "lipas_id": "517994",
        "nimi": "Linnakallion avantouintipaikka",
        "kunta": "Alavieska",
        "url": "https://lipas.fi/liikuntapaikat/517994",
        "maksullinen": "",
        "kertapääsy": "",
        "pukuhuone": "",
        "sauna": "",
        "huomio": "",
        "website": "https://www.alavieska.fi/liikunta/ulkoilu-ja-retkeily",
        "website_source": "LIPAS www + sisältötarkistus",
        "website_checked_at": "2026-09-19",
        "lipas_url": "https://lipas.fi/liikuntapaikat/517994",
        "address": "Taluskyläntie 660",
        "address_source": "",
        "address_checked_at": ""
      }
    },
    {
      "type": "Feature",
      "geometry": {
        "type": "Point",
        "coordinates": [
          24.451,
          64.2033
        ]
      },
      "properties": {
        "lipas_id": "517995",
        "nimi": "Petäjälammen talviuintipaikka",
        "kunta": "Alavieska",
        "url": "https://lipas.fi/liikuntapaikat/517995",
        "maksullinen": "",
        "kertapääsy": "",
        "pukuhuone": "",
        "sauna": "",
        "huomio": "",
        "website": "https://www.alavieska.fi/liikunta/ulkoilu-ja-retkeily",
        "website_source": "LIPAS www + sisältötarkistus",
        "website_checked_at": "2026-09-19",
        "lipas_url": "https://lipas.fi/liikuntapaikat/517995",
        "address": "Someronkyläntie, 85200 Alavieska",
        "address_source": "https://lipas.fi/liikuntapaikka/517995",
        "address_checked_at": "2026-10-03"
      }
    },
    {
      "type": "Feature",
      "geometry": {
        "type": "Point",
        "coordinates": [
          23.6101,
          62.5754
        ]
      },
      "properties": {
        "lipas_id": "512889",
        "nimi": "Harrinrannan avantosauna",
        "kunta": "Alavus",
        "url": "https://lipas.fi/liikuntapaikat/512889",
        "maksullinen": "",
        "kertapääsy": "",
        "pukuhuone": "",
        "sauna": "",
        "huomio": "",
        "lipas_url": "https://lipas.fi/liikuntapaikat/512889",
        "address": "Saarankuja 3, 63300 Alavus",
        "address_source": "",
        "address_checked_at": ""
      }
    },
    {
      "type": "Feature",
      "geometry": {
        "type": "Point",
        "coordinates": [
          23.2967,
          62.6845
        ]
      },
      "properties": {
        "lipas_id": "602906",
        "nimi": "Hukkatuvan rantasauna",
        "kunta": "Alavus",
        "url": "https://lipas.fi/liikuntapaikat/602906",
        "maksullinen": "",
        "kertapääsy": "",
        "pukuhuone": "",
        "sauna": "",
        "huomio": "",
        "lipas_url": "https://lipas.fi/liikuntapaikat/602906",
        "address": "Hukkalantie 292, Alavus",
        "address_source": "",
        "address_checked_at": ""
      }
    },
    {
      "type": "Feature",
      "geometry": {
        "type": "Point",
        "coordinates": [
          23.8658,
          62.7089
        ]
      },
      "properties": {
        "lipas_id": "512900",
        "nimi": "Vetola",
        "kunta": "Alavus",
        "url": "https://lipas.fi/liikuntapaikat/512900",
        "maksullinen": "",
        "kertapääsy": "",
        "pukuhuone": "",
        "sauna": "",
        "huomio": "",
        "website": "https://www.alavus.fi/fi/vapaa-aika/liikunta/kesaliikunta/uimarannat.html",
        "website_source": "LIPAS www + sisältötarkistus",
        "website_checked_at": "2026-09-19",
        "lipas_url": "https://lipas.fi/liikuntapaikat/512900",
        "address": "Kiiltomäentie 122, 63640 Ritola",
        "address_source": "",
        "address_checked_at": ""
      }
    },
    {
      "type": "Feature",
      "geometry": {
        "type": "Point",
        "coordinates": [
          25.5454,
          61.1794
        ]
      },
      "properties": {
        "lipas_id": "98525",
        "nimi": "Vääksyn avantouintipaikka",
        "kunta": "Asikkala",
        "url": "https://lipas.fi/liikuntapaikat/98525",
        "maksullinen": "",
        "kertapääsy": "",
        "pukuhuone": "",
        "sauna": "",
        "huomio": "",
        "lipas_url": "https://lipas.fi/liikuntapaikat/98525",
        "address": "Ämmäläntie 20, 17200 Vääksy",
        "address_source": "https://lipas.fi/liikuntapaikka/98525",
        "address_checked_at": "2026-10-03"
      }
    },
    {
      "type": "Feature",
      "geometry": {
        "type": "Point",
        "coordinates": [
          25.5996,
          60.5396
        ]
      },
      "properties": {
        "lipas_id": "612276",
        "nimi": "Tuomirannan talviuintipaikka",
        "kunta": "Askola",
        "url": "https://lipas.fi/liikuntapaikat/612276",
        "maksullinen": "",
        "kertapääsy": "",
        "pukuhuone": "",
        "sauna": "",
        "huomio": "",
        "website": "https://askolanhiisi.fi/",
        "website_source": "LIPAS www + sisältötarkistus",
        "website_checked_at": "2026-09-19",
        "lipas_url": "https://lipas.fi/liikuntapaikat/612276",
        "address": "Jäppiläntie 70, 07500 Askola",
        "address_source": "https://lipas.fi/liikuntapaikka/612276",
        "address_checked_at": "2026-10-03"
      }
    },
    {
      "type": "Feature",
      "geometry": {
        "type": "Point",
        "coordinates": [
          20.8653,
          69.0163
        ]
      },
      "properties": {
        "lipas_id": "612277",
        "nimi": "Lapland Hotels Kilpiksen talviuintipaikka",
        "kunta": "Enontekiö",
        "url": "https://lipas.fi/liikuntapaikat/612277",
        "maksullinen": "",
        "kertapääsy": "",
        "pukuhuone": "",
        "sauna": "",
        "huomio": "",
        "website": "https://www.laplandhotels.com/fi/hotellit-ja-kohteet/kilpisjarvi",
        "website_source": "LIPAS www + sisältötarkistus",
        "website_checked_at": "2026-09-19",
        "lipas_url": "https://lipas.fi/liikuntapaikat/612277",
        "address": "Käsivarrentie 14206, 99490 Kilpisjärvi",
        "address_source": "https://lipas.fi/liikuntapaikka/612277",
        "address_checked_at": "2026-10-03"
      }
    },
    {
      "type": "Feature",
      "geometry": {
        "type": "Point",
        "coordinates": [
          24.6925,
          60.1281
        ]
      },
      "properties": {
        "lipas_id": "615814",
        "nimi": "Hanikan talviuintipaikka (Suinonsalmi)",
        "kunta": "Espoo",
        "url": "https://lipas.fi/liikuntapaikat/615814",
        "maksullinen": "",
        "kertapääsy": "",
        "pukuhuone": "",
        "sauna": "",
        "huomio": "",
        "lipas_url": "https://lipas.fi/liikuntapaikat/615814",
        "address": "Suvisaarentie 9, Espoo",
        "address_source": "",
        "address_checked_at": ""
      }
    },
    {
      "type": "Feature",
      "geometry": {
        "type": "Point",
        "coordinates": [
          24.7733,
          60.154
        ]
      },
      "properties": {
        "lipas_id": "516600",
        "nimi": "Haukilahden talviuintipaikka (Mellsten)",
        "kunta": "Espoo",
        "url": "https://lipas.fi/liikuntapaikat/516600",
        "maksullinen": "",
        "kertapääsy": "",
        "pukuhuone": "",
        "sauna": "",
        "huomio": "",
        "lipas_url": "https://lipas.fi/liikuntapaikat/516600",
        "address": "Mellstenintie 6, 02170 Espoo",
        "address_source": "https://www.espoo.fi/en/units/44522",
        "address_checked_at": "2026-10-03"
      }
    },
    {
      "type": "Feature",
      "geometry": {
        "type": "Point",
        "coordinates": [
          24.5932,
          60.1622
        ]
      },
      "properties": {
        "lipas_id": "516547",
        "nimi": "Kallvikin talviuintipaikka",
        "kunta": "Espoo",
        "url": "https://lipas.fi/liikuntapaikat/516547",
        "maksullinen": "",
        "kertapääsy": "",
        "pukuhuone": "",
        "sauna": "",
        "huomio": "",
        "lipas_url": "https://lipas.fi/liikuntapaikat/516547",
        "address": "Makasiinitie 25, Espoo",
        "address_source": "",
        "address_checked_at": ""
      }
    },
    {
      "type": "Feature",
      "geometry": {
        "type": "Point",
        "coordinates": [
          24.6262,
          60.1533
        ]
      },
      "properties": {
        "lipas_id": "516657",
        "nimi": "Kivenlahden talviuintipaikka",
        "kunta": "Espoo",
        "url": "https://lipas.fi/liikuntapaikat/516657",
        "maksullinen": "",
        "kertapääsy": "",
        "pukuhuone": "",
        "sauna": "",
        "huomio": "",
        "lipas_url": "https://lipas.fi/liikuntapaikat/516657",
        "address": "Merivalkama 11, Espoo",
        "address_source": "",
        "address_checked_at": ""
      }
    },
    {
      "type": "Feature",
      "geometry": {
        "type": "Point",
        "coordinates": [
          24.6496,
          60.135
        ]
      },
      "properties": {
        "lipas_id": "516597",
        "nimi": "Klobbenin talviuintipaikka (Soukka)",
        "kunta": "Espoo",
        "url": "https://lipas.fi/liikuntapaikat/516597",
        "maksullinen": "",
        "kertapääsy": "",
        "pukuhuone": "",
        "sauna": "",
        "huomio": "",
        "lipas_url": "https://lipas.fi/liikuntapaikat/516597",
        "address": "Soukanlahdentie 15, Espoo",
        "address_source": "",
        "address_checked_at": ""
      }
    },
    {
      "type": "Feature",
      "geometry": {
        "type": "Point",
        "coordinates": [
          24.8292,
          60.2034
        ]
      },
      "properties": {
        "lipas_id": "98522",
        "nimi": "Laajalahden talviuintipaikka",
        "kunta": "Espoo",
        "url": "https://lipas.fi/liikuntapaikat/98522",
        "maksullinen": "",
        "kertapääsy": "",
        "pukuhuone": "",
        "sauna": "",
        "huomio": "",
        "lipas_url": "https://lipas.fi/liikuntapaikat/98522",
        "address": "Ruukinrannantie 29, 02600 Espoo",
        "address_source": "https://www.espoo.fi/en/units/39627",
        "address_checked_at": "2026-10-03"
      }
    },
    {
      "type": "Feature",
      "geometry": {
        "type": "Point",
        "coordinates": [
          24.7497,
          60.2464
        ]
      },
      "properties": {
        "lipas_id": "516559",
        "nimi": "Laaksolahden talviuintipaikka",
        "kunta": "Espoo",
        "url": "https://lipas.fi/liikuntapaikat/516559",
        "maksullinen": "",
        "kertapääsy": "",
        "pukuhuone": "",
        "sauna": "",
        "huomio": "",
        "lipas_url": "https://lipas.fi/liikuntapaikat/516559",
        "address": "Lähdepurontie 1, 02720 Espoo",
        "address_source": "https://www.espoo.fi/en/units/44509",
        "address_checked_at": "2026-10-03"
      }
    },
    {
      "type": "Feature",
      "geometry": {
        "type": "Point",
        "coordinates": [
          24.8325,
          60.1689
        ]
      },
      "properties": {
        "lipas_id": "609137",
        "nimi": "Laguuni Vesiurheilukeskus, Talviuintipaikka",
        "kunta": "Espoo",
        "url": "https://lipas.fi/liikuntapaikat/609137",
        "maksullinen": "",
        "kertapääsy": "",
        "pukuhuone": "",
        "sauna": "",
        "huomio": "",
        "website": "https://laguuniin.fi/",
        "website_source": "LIPAS www + sisältötarkistus",
        "website_checked_at": "2026-09-19",
        "lipas_url": "https://lipas.fi/liikuntapaikat/609137",
        "address": "Keilalahdentie 8, Espoo",
        "address_source": "",
        "address_checked_at": ""
      }
    },
    {
      "type": "Feature",
      "geometry": {
        "type": "Point",
        "coordinates": [
          24.7541,
          60.1501
        ]
      },
      "properties": {
        "lipas_id": "516592",
        "nimi": "Matinkylän talviuintipaikka",
        "kunta": "Espoo",
        "url": "https://lipas.fi/liikuntapaikat/516592",
        "maksullinen": "",
        "kertapääsy": "",
        "pukuhuone": "",
        "sauna": "",
        "huomio": "",
        "lipas_url": "https://lipas.fi/liikuntapaikat/516592",
        "address": "Koukkuniementie 1, Espoo",
        "address_source": "",
        "address_checked_at": ""
      }
    },
    {
      "type": "Feature",
      "geometry": {
        "type": "Point",
        "coordinates": [
          24.659,
          60.2417
        ]
      },
      "properties": {
        "lipas_id": "516596",
        "nimi": "Oittaan talviuintipaikka",
        "kunta": "Espoo",
        "url": "https://lipas.fi/liikuntapaikat/516596",
        "maksullinen": "",
        "kertapääsy": "",
        "pukuhuone": "",
        "sauna": "",
        "huomio": "",
        "lipas_url": "https://lipas.fi/liikuntapaikat/516596",
        "address": "Kunnarlantie 33–39, Espoo",
        "address_source": "",
        "address_checked_at": ""
      }
    },
    {
      "type": "Feature",
      "geometry": {
        "type": "Point",
        "coordinates": [
          24.6365,
          60.1458
        ]
      },
      "properties": {
        "lipas_id": "609204",
        "nimi": "Tyrskyvuoren talviuintipaikka (Laurinlahti)",
        "kunta": "Espoo",
        "url": "https://lipas.fi/liikuntapaikat/609204",
        "maksullinen": "",
        "kertapääsy": "",
        "pukuhuone": "",
        "sauna": "",
        "huomio": "",
        "lipas_url": "https://lipas.fi/liikuntapaikat/609204",
        "address": "Espoonlahdenranta 17, 02320 Espoo",
        "address_source": "https://www.espoo.fi/en/units/69116",
        "address_checked_at": "2026-10-03"
      }
    },
    {
      "type": "Feature",
      "geometry": {
        "type": "Point",
        "coordinates": [
          24.8092,
          60.1682
        ]
      },
      "properties": {
        "lipas_id": "606466",
        "nimi": "Westendin talviuintipaikka",
        "kunta": "Espoo",
        "url": "https://lipas.fi/liikuntapaikat/606466",
        "maksullinen": "",
        "kertapääsy": "",
        "pukuhuone": "",
        "sauna": "",
        "huomio": "",
        "lipas_url": "https://lipas.fi/liikuntapaikat/606466",
        "address": "Westendintie 4, Espoo",
        "address_source": "",
        "address_checked_at": ""
      }
    },
    {
      "type": "Feature",
      "geometry": {
        "type": "Point",
        "coordinates": [
          22.1636,
          61.0775
        ]
      },
      "properties": {
        "lipas_id": "529934",
        "nimi": "Kiperin talviuintipaikka",
        "kunta": "Eura",
        "url": "https://lipas.fi/liikuntapaikat/529934",
        "maksullinen": "",
        "kertapääsy": "",
        "pukuhuone": "",
        "sauna": "",
        "huomio": "",
        "website": "https://www.visitpyhajarviseutu.fi/company/kiperin-uimaranta-ja-sauna/",
        "website_source": "LIPAS www + sisältötarkistus",
        "website_checked_at": "2026-09-19",
        "lipas_url": "https://lipas.fi/liikuntapaikat/529934",
        "address": "Kiperintie 83, 27500 Kauttua",
        "address_source": "https://lipas.fi/liikuntapaikka/529934",
        "address_checked_at": "2026-10-03"
      }
    },
    {
      "type": "Feature",
      "geometry": {
        "type": "Point",
        "coordinates": [
          21.5656,
          61.3422
        ]
      },
      "properties": {
        "lipas_id": "612279",
        "nimi": "Laitakarin Merihelmen talviuintipaikka",
        "kunta": "Eurajoki",
        "url": "https://lipas.fi/liikuntapaikat/612279",
        "maksullinen": "",
        "kertapääsy": "",
        "pukuhuone": "",
        "sauna": "",
        "huomio": "",
        "website": "https://laitakarinmerihelmi.fi/",
        "website_source": "LIPAS www + sisältötarkistus",
        "website_checked_at": "2026-09-19",
        "lipas_url": "https://lipas.fi/liikuntapaikat/612279",
        "address": "Laitakarintie 312, 29100 Luvia",
        "address_source": "https://lipas.fi/liikuntapaikka/612279",
        "address_checked_at": "2026-10-03"
      }
    },
    {
      "type": "Feature",
      "geometry": {
        "type": "Point",
        "coordinates": [
          21.547,
          61.3889
        ]
      },
      "properties": {
        "lipas_id": "612278",
        "nimi": "Verkkorannan talviuintipaikka",
        "kunta": "Eurajoki",
        "url": "https://lipas.fi/liikuntapaikat/612278",
        "maksullinen": "",
        "kertapääsy": "",
        "pukuhuone": "",
        "sauna": "",
        "huomio": "",
        "website": "https://luviantalviuimarit.fi/",
        "website_source": "LIPAS www + sisältötarkistus",
        "website_checked_at": "2026-09-19",
        "lipas_url": "https://lipas.fi/liikuntapaikat/612278",
        "address": "Verkkorannantie 95, 29100 Luvia",
        "address_source": "",
        "address_checked_at": ""
      }
    },
    {
      "type": "Feature",
      "geometry": {
        "type": "Point",
        "coordinates": [
          23.3039,
          63.3356
        ]
      },
      "properties": {
        "lipas_id": "612281",
        "nimi": "Kivijärven talviuintipaikka",
        "kunta": "Evijärvi",
        "url": "https://lipas.fi/liikuntapaikat/612281",
        "maksullinen": "",
        "kertapääsy": "",
        "pukuhuone": "",
        "sauna": "",
        "huomio": "",
        "website": "https://www.evijarvi.fi/vapaa-aika-ja-nuoriso/vapaalla-evijarvella/uimarannat-ja-avantouinti",
        "website_source": "LIPAS www + sisältötarkistus",
        "website_checked_at": "2026-09-19",
        "lipas_url": "https://lipas.fi/liikuntapaikat/612281",
        "address": "Kortesjärventie 932, 62500 Evijärvi",
        "address_source": "",
        "address_checked_at": ""
      }
    },
    {
      "type": "Feature",
      "geometry": {
        "type": "Point",
        "coordinates": [
          23.6319,
          60.8255
        ]
      },
      "properties": {
        "lipas_id": "518745",
        "nimi": "Linikkalanlammin talviuintipaikka",
        "kunta": "Forssa",
        "url": "https://lipas.fi/liikuntapaikat/518745",
        "maksullinen": "",
        "kertapääsy": "",
        "pukuhuone": "",
        "sauna": "",
        "huomio": "",
        "lipas_url": "https://lipas.fi/liikuntapaikat/518745",
        "address": "Nummilähteenkatu 8, 30100 Forssa",
        "address_source": "https://lipas.fi/liikuntapaikka/518745",
        "address_checked_at": "2026-10-03"
      }
    },
    {
      "type": "Feature",
      "geometry": {
        "type": "Point",
        "coordinates": [
          25.3149,
          63.7462
        ]
      },
      "properties": {
        "lipas_id": "512583",
        "nimi": "Haapajärven avantouintipaikka",
        "kunta": "Haapajärvi",
        "url": "https://lipas.fi/liikuntapaikat/512583",
        "maksullinen": "",
        "kertapääsy": "",
        "pukuhuone": "",
        "sauna": "",
        "huomio": "",
        "website": "https://www.haapajarvi.fi/palvelukanava/f3e1072d-65d7-4c56-a483-f30278873e4a",
        "website_source": "LIPAS www + sisältötarkistus",
        "website_checked_at": "2026-09-19",
        "lipas_url": "https://lipas.fi/liikuntapaikat/512583",
        "address": "Kirkkopolku 1, 85800 Haapajärvi",
        "address_source": "",
        "address_checked_at": ""
      }
    },
    {
      "type": "Feature",
      "geometry": {
        "type": "Point",
        "coordinates": [
          24.0984,
          63.45
        ]
      },
      "properties": {
        "lipas_id": "512621",
        "nimi": "Halsuan Helmen talviuintipaikka",
        "kunta": "Halsua",
        "url": "https://lipas.fi/liikuntapaikat/512621",
        "maksullinen": "",
        "kertapääsy": "",
        "pukuhuone": "",
        "sauna": "",
        "huomio": "",
        "website": "https://halsuanhelmi.fi/",
        "website_source": "LIPAS www + sisältötarkistus",
        "website_checked_at": "2026-09-19",
        "lipas_url": "https://lipas.fi/liikuntapaikat/512621",
        "address": "Lehtomaantie 151, 69510 Halsua",
        "address_source": "https://lipas.fi/liikuntapaikka/512621",
        "address_checked_at": "2026-10-03"
      }
    },
    {
      "type": "Feature",
      "geometry": {
        "type": "Point",
        "coordinates": [
          27.1834,
          60.5596
        ]
      },
      "properties": {
        "lipas_id": "529918",
        "nimi": "Rampsin avantouintipaikka",
        "kunta": "Hamina",
        "url": "https://lipas.fi/liikuntapaikat/529918",
        "maksullinen": "",
        "kertapääsy": "",
        "pukuhuone": "",
        "sauna": "",
        "huomio": "",
        "website": "https://www.rampsi.fi/saunat",
        "website_source": "LIPAS www + sisältötarkistus",
        "website_checked_at": "2026-09-19",
        "lipas_url": "https://lipas.fi/liikuntapaikat/529918",
        "address": "Tullimakasiininranta 21, 49400 Hamina",
        "address_source": "https://lipas.fi/liikuntapaikka/529918",
        "address_checked_at": "2026-10-03"
      }
    },
    {
      "type": "Feature",
      "geometry": {
        "type": "Point",
        "coordinates": [
          26.4303,
          62.389
        ]
      },
      "properties": {
        "lipas_id": "612282",
        "nimi": "Seurakunnan rantasaunan talviuintipaikka",
        "kunta": "Hankasalmi",
        "url": "https://lipas.fi/liikuntapaikat/612282",
        "maksullinen": "",
        "kertapääsy": "",
        "pukuhuone": "",
        "sauna": "",
        "huomio": "",
        "lipas_url": "https://lipas.fi/liikuntapaikat/612282",
        "address": "Pappilantie 5",
        "address_source": "",
        "address_checked_at": ""
      }
    },
    {
      "type": "Feature",
      "geometry": {
        "type": "Point",
        "coordinates": [
          22.9713,
          59.8199
        ]
      },
      "properties": {
        "lipas_id": "512711",
        "nimi": "Tehtaanniemen talviuintipaikka",
        "kunta": "Hanko",
        "url": "https://lipas.fi/liikuntapaikat/512711",
        "maksullinen": "",
        "kertapääsy": "",
        "pukuhuone": "",
        "sauna": "",
        "huomio": "",
        "website": "https://hanko.fi/asuminen-ja-ymparisto/ymparisto-ja-luonto/puistot-ja-virkistysalueet/uimarannat/avantouinti/",
        "website_source": "LIPAS www + sisältötarkistus",
        "website_checked_at": "2026-09-19",
        "lipas_url": "https://lipas.fi/liikuntapaikat/512711",
        "address": "Merikatu 2, 10900 Hanko",
        "address_source": "",
        "address_checked_at": ""
      }
    },
    {
      "type": "Feature",
      "geometry": {
        "type": "Point",
        "coordinates": [
          26.02,
          61.5686
        ]
      },
      "properties": {
        "lipas_id": "530026",
        "nimi": "Jokirannan talviuimapaikka",
        "kunta": "Hartola",
        "url": "https://lipas.fi/liikuntapaikat/530026",
        "maksullinen": "",
        "kertapääsy": "",
        "pukuhuone": "",
        "sauna": "",
        "huomio": "",
        "lipas_url": "https://lipas.fi/liikuntapaikat/530026",
        "address": "Rantatie 3, 19600 Hartola",
        "address_source": "",
        "address_checked_at": ""
      }
    },
    {
      "type": "Feature",
      "geometry": {
        "type": "Point",
        "coordinates": [
          24.4024,
          61.0652
        ]
      },
      "properties": {
        "lipas_id": "612309",
        "nimi": "Pappilanniemen talviuintipaikka",
        "kunta": "Hattula",
        "url": "https://lipas.fi/liikuntapaikat/612309",
        "maksullinen": "",
        "kertapääsy": "",
        "pukuhuone": "",
        "sauna": "",
        "huomio": "",
        "website": "https://hattula.fi/palvelut/vapaa-aika/liikunta/talviliikunta/talviuinti/",
        "website_source": "LIPAS www + sisältötarkistus",
        "website_checked_at": "2026-09-19",
        "lipas_url": "https://lipas.fi/liikuntapaikat/612309",
        "address": "Pappilanniementie 18 B, 13880 Hattula",
        "address_source": "",
        "address_checked_at": ""
      }
    },
    {
      "type": "Feature",
      "geometry": {
        "type": "Point",
        "coordinates": [
          24.7711,
          60.8243
        ]
      },
      "properties": {
        "lipas_id": "513518",
        "nimi": "INRA-majan talviuintipaikka",
        "kunta": "Hausjärvi",
        "url": "https://lipas.fi/liikuntapaikat/513518",
        "maksullinen": "",
        "kertapääsy": "",
        "pukuhuone": "",
        "sauna": "",
        "huomio": "",
        "website": "https://www.rinva.fi/inra-maja/",
        "website_source": "LIPAS www + sisältötarkistus",
        "website_checked_at": "2026-09-19",
        "lipas_url": "https://lipas.fi/liikuntapaikat/513518",
        "address": "Uimalantie 27, 12310 Ryttylä",
        "address_source": "",
        "address_checked_at": ""
      }
    },
    {
      "type": "Feature",
      "geometry": {
        "type": "Point",
        "coordinates": [
          24.9991,
          60.826
        ]
      },
      "properties": {
        "lipas_id": "513514",
        "nimi": "Valkjärven leirialueen talviuintipaikka",
        "kunta": "Hausjärvi",
        "url": "https://lipas.fi/liikuntapaikat/513514",
        "maksullinen": "",
        "kertapääsy": "",
        "pukuhuone": "",
        "sauna": "",
        "huomio": "",
        "website": "https://www.hausjarvi.fi/vapaa-aika-ja-matkailu/ulkoilu-ja-luontokohteet/valkjarven-leirialue/",
        "website_source": "LIPAS www + sisältötarkistus",
        "website_checked_at": "2026-09-19",
        "lipas_url": "https://lipas.fi/liikuntapaikat/513514",
        "address": "Tulikalliontie 80, 12100 Oitti",
        "address_source": "",
        "address_checked_at": ""
      }
    },
    {
      "type": "Feature",
      "geometry": {
        "type": "Point",
        "coordinates": [
          24.7488,
          60.8059
        ]
      },
      "properties": {
        "lipas_id": "513508",
        "nimi": "Ykslammin talviuintipaikka",
        "kunta": "Hausjärvi",
        "url": "https://lipas.fi/liikuntapaikat/513508",
        "maksullinen": "",
        "kertapääsy": "",
        "pukuhuone": "",
        "sauna": "",
        "huomio": "",
        "website": "https://www.hausjarvi.fi/vapaa-aika-ja-matkailu/ulkoilu-ja-luontokohteet/avantouinti/",
        "website_source": "LIPAS www + sisältötarkistus",
        "website_checked_at": "2026-09-19",
        "lipas_url": "https://lipas.fi/liikuntapaikat/513508",
        "address": "Riihiviidantie 624, 12310 Ryttylä",
        "address_source": "https://lipas.fi/liikuntapaikka/513508",
        "address_checked_at": "2026-10-03"
      }
    },
    {
      "type": "Feature",
      "geometry": {
        "type": "Point",
        "coordinates": [
          26.0247,
          61.2026
        ]
      },
      "properties": {
        "lipas_id": "513521",
        "nimi": "Kylpylän talviuintipaikka",
        "kunta": "Heinola",
        "url": "https://lipas.fi/liikuntapaikat/513521",
        "maksullinen": "",
        "kertapääsy": "",
        "pukuhuone": "",
        "sauna": "",
        "huomio": "",
        "website": "https://www.heinola.fi/hyvinvointi-ja-vapaa-aika/liikunta-ja-ulkoilu/ulkoliikunta/uimarannat-ja-talviuinti/",
        "website_source": "LIPAS www + sisältötarkistus",
        "website_checked_at": "2026-09-19",
        "lipas_url": "https://lipas.fi/liikuntapaikat/513521",
        "address": "Maaherrankatu 1a, 18100 Heinola",
        "address_source": "https://lipas.fi/liikuntapaikka/513521",
        "address_checked_at": "2026-10-03"
      }
    },
    {
      "type": "Feature",
      "geometry": {
        "type": "Point",
        "coordinates": [
          28.638,
          62.4385
        ]
      },
      "properties": {
        "lipas_id": "518301",
        "nimi": "Kermanrannan talviuintipaikka",
        "kunta": "Heinävesi",
        "url": "https://lipas.fi/liikuntapaikat/518301",
        "maksullinen": "",
        "kertapääsy": "",
        "pukuhuone": "",
        "sauna": "",
        "huomio": "",
        "lipas_url": "https://lipas.fi/liikuntapaikat/518301",
        "address": "Kermanrannantie, 79700 Heinävesi",
        "address_source": "https://lipas.fi/liikuntapaikka/518301",
        "address_checked_at": "2026-10-03"
      }
    },
    {
      "type": "Feature",
      "geometry": {
        "type": "Point",
        "coordinates": [
          28.6455,
          62.5414
        ]
      },
      "properties": {
        "lipas_id": "611910",
        "nimi": "Varirannan kyläsaunan talviuintipaikka",
        "kunta": "Heinävesi",
        "url": "https://lipas.fi/liikuntapaikat/611910",
        "maksullinen": "",
        "kertapääsy": "",
        "pukuhuone": "",
        "sauna": "",
        "huomio": "",
        "lipas_url": "https://lipas.fi/liikuntapaikat/611910",
        "address": "Luostaritie 46, 79820 Varistaipale",
        "address_source": "https://lipas.fi/liikuntapaikka/611910",
        "address_checked_at": "2026-10-03"
      }
    },
    {
      "type": "Feature",
      "geometry": {
        "type": "Point",
        "coordinates": [
          24.9575,
          60.167
        ]
      },
      "properties": {
        "lipas_id": "605720",
        "nimi": "Allas Pool / Merikylpylä / Talviuinti",
        "kunta": "Helsinki",
        "url": "https://lipas.fi/liikuntapaikat/605720",
        "maksullinen": "",
        "kertapääsy": "",
        "pukuhuone": "",
        "sauna": "",
        "huomio": "",
        "website": "https://www.allaspool.fi/",
        "website_source": "LIPAS www + sisältötarkistus",
        "website_checked_at": "2026-09-19",
        "lipas_url": "https://lipas.fi/liikuntapaikat/605720",
        "address": "Katajanokanlaituri 2 A, Helsinki",
        "address_source": "",
        "address_checked_at": ""
      }
    },
    {
      "type": "Feature",
      "geometry": {
        "type": "Point",
        "coordinates": [
          25.1598,
          60.202
        ]
      },
      "properties": {
        "lipas_id": "609503",
        "nimi": "Aurinkolahden talviuintipaikka / uintilaituri",
        "kunta": "Helsinki",
        "url": "https://lipas.fi/liikuntapaikat/609503",
        "maksullinen": "",
        "kertapääsy": "",
        "pukuhuone": "",
        "sauna": "",
        "huomio": "",
        "lipas_url": "https://lipas.fi/liikuntapaikat/609503",
        "address": "Urheilukalastajankuja 1, 00990 Helsinki",
        "address_source": "https://palvelukartta.hel.fi/en/unit/70874",
        "address_checked_at": "2026-10-03"
      }
    },
    {
      "type": "Feature",
      "geometry": {
        "type": "Point",
        "coordinates": [
          25.0602,
          60.1597
        ]
      },
      "properties": {
        "lipas_id": "605737",
        "nimi": "Furuvik Rantasauna",
        "kunta": "Helsinki",
        "url": "https://lipas.fi/liikuntapaikat/605737",
        "maksullinen": "",
        "kertapääsy": "",
        "pukuhuone": "",
        "sauna": "",
        "huomio": "",
        "website": "https://saunat.fi/kohde/villa-furuvik-rantasauna",
        "website_source": "LIPAS www + sisältötarkistus",
        "website_checked_at": "2026-09-19",
        "lipas_url": "https://lipas.fi/liikuntapaikat/605737",
        "address": "Furuvikintie 5, 00870 Helsinki",
        "address_source": "https://lipas.fi/liikuntapaikka/605737",
        "address_checked_at": "2026-10-03"
      }
    },
    {
      "type": "Feature",
      "geometry": {
        "type": "Point",
        "coordinates": [
          25.1297,
          60.1983
        ]
      },
      "properties": {
        "lipas_id": "609502",
        "nimi": "Iso Kallahden talviuintipaikka (Vuosaari-Seura)",
        "kunta": "Helsinki",
        "url": "https://lipas.fi/liikuntapaikat/609502",
        "maksullinen": "",
        "kertapääsy": "",
        "pukuhuone": "",
        "sauna": "",
        "huomio": "",
        "lipas_url": "https://lipas.fi/liikuntapaikat/609502",
        "address": "Harbonkatu 13, Helsinki",
        "address_source": "https://liikunta.hel.fi/fi/pages/liikuntapaikat/talviuintipaikat",
        "address_checked_at": "2026-10-03"
      }
    },
    {
      "type": "Feature",
      "geometry": {
        "type": "Point",
        "coordinates": [
          24.9639,
          60.1692
        ]
      },
      "properties": {
        "lipas_id": "98516",
        "nimi": "Katajanokan talviuintipaikka (KJS)",
        "kunta": "Helsinki",
        "url": "https://lipas.fi/liikuntapaikat/98516",
        "maksullinen": "",
        "kertapääsy": "",
        "pukuhuone": "",
        "sauna": "",
        "huomio": "",
        "lipas_url": "https://lipas.fi/liikuntapaikat/98516",
        "address": "Kanavaranta 4, 00160 Helsinki",
        "address_source": "https://palvelukartta.hel.fi/en/unit/41659",
        "address_checked_at": "2026-10-03"
      }
    },
    {
      "type": "Feature",
      "geometry": {
        "type": "Point",
        "coordinates": [
          25.0116,
          60.165
        ]
      },
      "properties": {
        "lipas_id": "609928",
        "nimi": "Kruunuvuorenrannan talviuintipaikka (Laajasalo-Degerö Seura)",
        "kunta": "Helsinki",
        "url": "https://lipas.fi/liikuntapaikat/609928",
        "maksullinen": "",
        "kertapääsy": "",
        "pukuhuone": "",
        "sauna": "",
        "huomio": "",
        "lipas_url": "https://lipas.fi/liikuntapaikat/609928",
        "address": "",
        "address_source": "",
        "address_checked_at": ""
      }
    },
    {
      "type": "Feature",
      "geometry": {
        "type": "Point",
        "coordinates": [
          24.9307,
          60.1521
        ]
      },
      "properties": {
        "lipas_id": "605721",
        "nimi": "Löyly Helsinki",
        "kunta": "Helsinki",
        "url": "https://lipas.fi/liikuntapaikat/605721",
        "maksullinen": "",
        "kertapääsy": "",
        "pukuhuone": "",
        "sauna": "",
        "huomio": "",
        "website": "https://www.loylyhelsinki.fi/en",
        "website_source": "LIPAS www + sisältötarkistus",
        "website_checked_at": "2026-09-19",
        "lipas_url": "https://lipas.fi/liikuntapaikat/605721",
        "address": "Hernesaarenranta 4, Helsinki",
        "address_source": "",
        "address_checked_at": ""
      }
    },
    {
      "type": "Feature",
      "geometry": {
        "type": "Point",
        "coordinates": [
          25.0765,
          60.1985
        ]
      },
      "properties": {
        "lipas_id": "514391",
        "nimi": "Marjaniemen talviuintipaikka (Meriuimarit)",
        "kunta": "Helsinki",
        "url": "https://lipas.fi/liikuntapaikat/514391",
        "maksullinen": "",
        "kertapääsy": "",
        "pukuhuone": "",
        "sauna": "",
        "huomio": "",
        "lipas_url": "https://lipas.fi/liikuntapaikat/514391",
        "address": "Kivalontie 2, Helsinki",
        "address_source": "https://liikunta.hel.fi/fi/pages/liikuntapaikat/talviuintipaikat",
        "address_checked_at": "2026-10-03"
      }
    },
    {
      "type": "Feature",
      "geometry": {
        "type": "Point",
        "coordinates": [
          24.8577,
          60.2004
        ]
      },
      "properties": {
        "lipas_id": "514392",
        "nimi": "Munkkiniemen talviuintipaikka (Munkkiniemen Avantouimarit ry)",
        "kunta": "Helsinki",
        "url": "https://lipas.fi/liikuntapaikat/514392",
        "maksullinen": "",
        "kertapääsy": "",
        "pukuhuone": "",
        "sauna": "",
        "huomio": "",
        "lipas_url": "https://lipas.fi/liikuntapaikat/514392",
        "address": "Munkkiniemenranta 44, 00330 Helsinki",
        "address_source": "https://palvelukartta.hel.fi/fi/unit/41264",
        "address_checked_at": "2026-10-03"
      }
    },
    {
      "type": "Feature",
      "geometry": {
        "type": "Point",
        "coordinates": [
          24.8991,
          60.1716
        ]
      },
      "properties": {
        "lipas_id": "98530",
        "nimi": "Ouritsaaren talviuintipaikka (TUK)",
        "kunta": "Helsinki",
        "url": "https://lipas.fi/liikuntapaikat/98530",
        "maksullinen": "",
        "kertapääsy": "",
        "pukuhuone": "",
        "sauna": "",
        "huomio": "",
        "lipas_url": "https://lipas.fi/liikuntapaikat/98530",
        "address": "",
        "address_source": "",
        "address_checked_at": ""
      }
    },
    {
      "type": "Feature",
      "geometry": {
        "type": "Point",
        "coordinates": [
          24.9833,
          60.2281
        ]
      },
      "properties": {
        "lipas_id": "514393",
        "nimi": "Pikkukosken talviuintipaikka (Uintiseura Kuhat)",
        "kunta": "Helsinki",
        "url": "https://lipas.fi/liikuntapaikat/514393",
        "maksullinen": "",
        "kertapääsy": "",
        "pukuhuone": "",
        "sauna": "",
        "huomio": "",
        "website": "https://www.kuhat.com/talviuinti/",
        "website_source": "LIPAS www + sisältötarkistus",
        "website_checked_at": "2026-09-19",
        "lipas_url": "https://lipas.fi/liikuntapaikat/514393",
        "address": "Pikkukoskentie 21, Helsinki",
        "address_source": "https://liikunta.hel.fi/fi/pages/liikuntapaikat/talviuintipaikat",
        "address_checked_at": "2026-10-03"
      }
    },
    {
      "type": "Feature",
      "geometry": {
        "type": "Point",
        "coordinates": [
          24.9088,
          60.1806
        ]
      },
      "properties": {
        "lipas_id": "513811",
        "nimi": "Rajasaaren talviuintipaikka (HKK-talviuimarit)",
        "kunta": "Helsinki",
        "url": "https://lipas.fi/liikuntapaikat/513811",
        "maksullinen": "",
        "kertapääsy": "",
        "pukuhuone": "",
        "sauna": "",
        "huomio": "",
        "lipas_url": "https://lipas.fi/liikuntapaikat/513811",
        "address": "Rajasaarenpenger 8, Helsinki",
        "address_source": "https://liikunta.hel.fi/fi/paikat/tprek:40606",
        "address_checked_at": "2026-10-03"
      }
    },
    {
      "type": "Feature",
      "geometry": {
        "type": "Point",
        "coordinates": [
          25.116,
          60.2077
        ]
      },
      "properties": {
        "lipas_id": "514394",
        "nimi": "Rastilan talviuintipaikka (Helsingin Latu ja Polku ry)",
        "kunta": "Helsinki",
        "url": "https://lipas.fi/liikuntapaikat/514394",
        "maksullinen": "",
        "kertapääsy": "",
        "pukuhuone": "",
        "sauna": "",
        "huomio": "",
        "lipas_url": "https://lipas.fi/liikuntapaikat/514394",
        "address": "Vuoraitti 2, Helsinki",
        "address_source": "",
        "address_checked_at": ""
      }
    },
    {
      "type": "Feature",
      "geometry": {
        "type": "Point",
        "coordinates": [
          24.8791,
          60.1823
        ]
      },
      "properties": {
        "lipas_id": "514395",
        "nimi": "Seurasaaren talviuintipaikka (Seurasaaren uimarit)",
        "kunta": "Helsinki",
        "url": "https://lipas.fi/liikuntapaikat/514395",
        "maksullinen": "",
        "kertapääsy": "",
        "pukuhuone": "",
        "sauna": "",
        "huomio": "",
        "website": "http://seurasaarenuimarit.fi",
        "website_source": "LIPAS www + sisältötarkistus",
        "website_checked_at": "2026-09-19",
        "lipas_url": "https://lipas.fi/liikuntapaikat/514395",
        "address": "",
        "address_source": "",
        "address_checked_at": ""
      }
    },
    {
      "type": "Feature",
      "geometry": {
        "type": "Point",
        "coordinates": [
          24.9121,
          60.1792
        ]
      },
      "properties": {
        "lipas_id": "514396",
        "nimi": "Soutustadion / Talviuintipaikka (SMARK)",
        "kunta": "Helsinki",
        "url": "https://lipas.fi/liikuntapaikat/514396",
        "maksullinen": "",
        "kertapääsy": "",
        "pukuhuone": "",
        "sauna": "",
        "huomio": "",
        "lipas_url": "https://lipas.fi/liikuntapaikat/514396",
        "address": "Merikannontie 4, Helsinki",
        "address_source": "https://liikunta.hel.fi/fi/pages/liikuntapaikat/talviuintipaikat",
        "address_checked_at": "2026-10-03"
      }
    },
    {
      "type": "Feature",
      "geometry": {
        "type": "Point",
        "coordinates": [
          25.0402,
          60.1858
        ]
      },
      "properties": {
        "lipas_id": "514397",
        "nimi": "Tuorinniemen talviuintipaikka (Herttoniemen hylkeet)",
        "kunta": "Helsinki",
        "url": "https://lipas.fi/liikuntapaikat/514397",
        "maksullinen": "",
        "kertapääsy": "",
        "pukuhuone": "",
        "sauna": "",
        "huomio": "",
        "lipas_url": "https://lipas.fi/liikuntapaikat/514397",
        "address": "Neitojenpolku 6, 00810 Helsinki",
        "address_source": "https://palvelukartta.hel.fi/fi/unit/41331",
        "address_checked_at": "2026-10-03"
      }
    },
    {
      "type": "Feature",
      "geometry": {
        "type": "Point",
        "coordinates": [
          24.9533,
          60.1535
        ]
      },
      "properties": {
        "lipas_id": "514398",
        "nimi": "Uunisaaren talviuintipaikka (Uunisaaren talviuintiseura)",
        "kunta": "Helsinki",
        "url": "https://lipas.fi/liikuntapaikat/514398",
        "maksullinen": "",
        "kertapääsy": "",
        "pukuhuone": "",
        "sauna": "",
        "huomio": "",
        "lipas_url": "https://lipas.fi/liikuntapaikat/514398",
        "address": "",
        "address_source": "",
        "address_checked_at": ""
      }
    },
    {
      "type": "Feature",
      "geometry": {
        "type": "Point",
        "coordinates": [
          25.1183,
          60.2148
        ]
      },
      "properties": {
        "lipas_id": "609970",
        "nimi": "Vartiokylän talviuintipaikka (Vartiokylän ranta- ja venekerho)",
        "kunta": "Helsinki",
        "url": "https://lipas.fi/liikuntapaikat/609970",
        "maksullinen": "",
        "kertapääsy": "",
        "pukuhuone": "",
        "sauna": "",
        "huomio": "",
        "lipas_url": "https://lipas.fi/liikuntapaikat/609970",
        "address": "Varjakanvalkama 21 A, Helsinki",
        "address_source": "https://liikunta.hel.fi/fi/pages/liikuntapaikat/talviuintipaikat",
        "address_checked_at": "2026-10-03"
      }
    },
    {
      "type": "Feature",
      "geometry": {
        "type": "Point",
        "coordinates": [
          24.8532,
          60.1607
        ]
      },
      "properties": {
        "lipas_id": "98571",
        "nimi": "Vaskiniemen talviuintipaikka (Suomen Saunaseura)",
        "kunta": "Helsinki",
        "url": "https://lipas.fi/liikuntapaikat/98571",
        "maksullinen": "",
        "kertapääsy": "",
        "pukuhuone": "",
        "sauna": "",
        "huomio": "",
        "lipas_url": "https://lipas.fi/liikuntapaikat/98571",
        "address": "",
        "address_source": "",
        "address_checked_at": ""
      }
    },
    {
      "type": "Feature",
      "geometry": {
        "type": "Point",
        "coordinates": [
          24.8902,
          60.1468
        ]
      },
      "properties": {
        "lipas_id": "98539",
        "nimi": "Veijarivuoren talviuintipaikka (Humaus ry)",
        "kunta": "Helsinki",
        "url": "https://lipas.fi/liikuntapaikat/98539",
        "maksullinen": "",
        "kertapääsy": "",
        "pukuhuone": "",
        "sauna": "",
        "huomio": "",
        "lipas_url": "https://lipas.fi/liikuntapaikat/98539",
        "address": "",
        "address_source": "",
        "address_checked_at": ""
      }
    },
    {
      "type": "Feature",
      "geometry": {
        "type": "Point",
        "coordinates": [
          25.1529,
          61.0213
        ]
      },
      "properties": {
        "lipas_id": "518212",
        "nimi": "Teuronjoen talviuintipaikka",
        "kunta": "Hollola",
        "url": "https://lipas.fi/liikuntapaikat/518212",
        "maksullinen": "",
        "kertapääsy": "",
        "pukuhuone": "",
        "sauna": "",
        "huomio": "",
        "lipas_url": "https://lipas.fi/liikuntapaikat/518212",
        "address": "Teuronpolku 4, 16800 Hämeenkoski",
        "address_source": "",
        "address_checked_at": ""
      }
    },
    {
      "type": "Feature",
      "geometry": {
        "type": "Point",
        "coordinates": [
          25.5036,
          60.9912
        ]
      },
      "properties": {
        "lipas_id": "513535",
        "nimi": "Vähä-Tiilijärven talviuintipaikka",
        "kunta": "Hollola",
        "url": "https://lipas.fi/liikuntapaikat/513535",
        "maksullinen": "",
        "kertapääsy": "",
        "pukuhuone": "",
        "sauna": "",
        "huomio": "",
        "website": "https://www.hollolanavantouimarit.net/",
        "website_source": "LIPAS www + sisältötarkistus",
        "website_checked_at": "2026-09-19",
        "lipas_url": "https://lipas.fi/liikuntapaikat/513535",
        "address": "Vähä-Tiilijärvenkuja 1, 15870 Hollola",
        "address_source": "",
        "address_checked_at": ""
      }
    },
    {
      "type": "Feature",
      "geometry": {
        "type": "Point",
        "coordinates": [
          24.6939,
          60.5304
        ]
      },
      "properties": {
        "lipas_id": "611913",
        "nimi": "Kiljavan leirikeskuksen talviuintipaikka",
        "kunta": "Hyvinkää",
        "url": "https://lipas.fi/liikuntapaikat/611913",
        "maksullinen": "",
        "kertapääsy": "",
        "pukuhuone": "",
        "sauna": "",
        "huomio": "",
        "website": "https://nurmijarvenlatu.fi/toiminta/talviuinti/",
        "website_source": "LIPAS www + sisältötarkistus",
        "website_checked_at": "2026-09-19",
        "lipas_url": "https://lipas.fi/liikuntapaikat/611913",
        "address": "Vihtilammintie 45, 05200 Rajamäki",
        "address_source": "https://lipas.fi/liikuntapaikka/611913",
        "address_checked_at": "2026-10-03"
      }
    },
    {
      "type": "Feature",
      "geometry": {
        "type": "Point",
        "coordinates": [
          24.8328,
          60.6306
        ]
      },
      "properties": {
        "lipas_id": "606341",
        "nimi": "Sveitsin uimalan hyppyaltaan avanto",
        "kunta": "Hyvinkää",
        "url": "https://lipas.fi/liikuntapaikat/606341",
        "maksullinen": "",
        "kertapääsy": "",
        "pukuhuone": "",
        "sauna": "",
        "huomio": "",
        "lipas_url": "https://lipas.fi/liikuntapaikat/606341",
        "address": "Teerimäenkatu 6, 05900 Hyvinkää",
        "address_source": "https://lipas.fi/liikuntapaikka/606341",
        "address_checked_at": "2026-10-03"
      }
    },
    {
      "type": "Feature",
      "geometry": {
        "type": "Point",
        "coordinates": [
          24.761,
          60.6305
        ]
      },
      "properties": {
        "lipas_id": "607701",
        "nimi": "Usminjärven talviuintipaikka",
        "kunta": "Hyvinkää",
        "url": "https://lipas.fi/liikuntapaikat/607701",
        "maksullinen": "",
        "kertapääsy": "",
        "pukuhuone": "",
        "sauna": "",
        "huomio": "",
        "website": "https://www.hyvinkaa.fi/kulttuuri-ja-vapaa-aika/liikunta/virkistys-ja-ulkoilu1/usmijarven-talviuintipaikka/",
        "website_source": "LIPAS www + sisältötarkistus",
        "website_checked_at": "2026-09-19",
        "lipas_url": "https://lipas.fi/liikuntapaikat/607701",
        "address": "Usminjärventie 206, 05800 Hyvinkää",
        "address_source": "https://lipas.fi/liikuntapaikka/607701",
        "address_checked_at": "2026-10-03"
      }
    },
    {
      "type": "Feature",
      "geometry": {
        "type": "Point",
        "coordinates": [
          23.168,
          61.6841
        ]
      },
      "properties": {
        "lipas_id": "529919",
        "nimi": "Kauhtuan talviuintipaikka",
        "kunta": "Hämeenkyrö",
        "url": "https://lipas.fi/liikuntapaikat/529919",
        "maksullinen": "",
        "kertapääsy": "",
        "pukuhuone": "",
        "sauna": "",
        "huomio": "",
        "website": "https://www.hameenkyrontalviuimarit.fi/",
        "website_source": "LIPAS www + sisältötarkistus",
        "website_checked_at": "2026-09-19",
        "lipas_url": "https://lipas.fi/liikuntapaikat/529919",
        "address": "Kauhtuantie 6, 39200 Kyröskoski",
        "address_source": "",
        "address_checked_at": ""
      }
    },
    {
      "type": "Feature",
      "geometry": {
        "type": "Point",
        "coordinates": [
          24.4177,
          60.9942
        ]
      },
      "properties": {
        "lipas_id": "518198",
        "nimi": "Ahveniston talviuintipaikka",
        "kunta": "Hämeenlinna",
        "url": "https://lipas.fi/liikuntapaikat/518198",
        "maksullinen": "",
        "kertapääsy": "",
        "pukuhuone": "",
        "sauna": "",
        "huomio": "",
        "lipas_url": "https://lipas.fi/liikuntapaikat/518198",
        "address": "Olympiakatu 18–20, Hämeenlinna",
        "address_source": "",
        "address_checked_at": ""
      }
    },
    {
      "type": "Feature",
      "geometry": {
        "type": "Point",
        "coordinates": [
          24.4635,
          61.0292
        ]
      },
      "properties": {
        "lipas_id": "529920",
        "nimi": "Aulangonjärven talviuintipaikka",
        "kunta": "Hämeenlinna",
        "url": "https://lipas.fi/liikuntapaikat/529920",
        "maksullinen": "",
        "kertapääsy": "",
        "pukuhuone": "",
        "sauna": "",
        "huomio": "",
        "website": "https://www.hameenlinna.fi/hyvinvointi-ja-liikunta/liikunta-ja-ulkoilu/uimahallit-ja-rannat/",
        "website_source": "LIPAS www + sisältötarkistus",
        "website_checked_at": "2026-09-19",
        "lipas_url": "https://lipas.fi/liikuntapaikat/529920",
        "address": "Linnanen 77, Hämeenlinna",
        "address_source": "",
        "address_checked_at": ""
      }
    },
    {
      "type": "Feature",
      "geometry": {
        "type": "Point",
        "coordinates": [
          24.5581,
          61.1704
        ]
      },
      "properties": {
        "lipas_id": "529921",
        "nimi": "Hauhon talviuintipaikka",
        "kunta": "Hämeenlinna",
        "url": "https://lipas.fi/liikuntapaikat/529921",
        "maksullinen": "",
        "kertapääsy": "",
        "pukuhuone": "",
        "sauna": "",
        "huomio": "",
        "website": "https://www.hameenlinna.fi/hyvinvointi-ja-liikunta/liikunta-ja-ulkoilu/uimahallit-ja-rannat/",
        "website_source": "LIPAS www + sisältötarkistus",
        "website_checked_at": "2026-09-19",
        "lipas_url": "https://lipas.fi/liikuntapaikat/529921",
        "address": "",
        "address_source": "",
        "address_checked_at": ""
      }
    },
    {
      "type": "Feature",
      "geometry": {
        "type": "Point",
        "coordinates": [
          24.141,
          61.0808
        ]
      },
      "properties": {
        "lipas_id": "605641",
        "nimi": "Iittalan talviuintipaikka",
        "kunta": "Hämeenlinna",
        "url": "https://lipas.fi/liikuntapaikat/605641",
        "maksullinen": "",
        "kertapääsy": "",
        "pukuhuone": "",
        "sauna": "",
        "huomio": "",
        "lipas_url": "https://lipas.fi/liikuntapaikat/605641",
        "address": "",
        "address_source": "",
        "address_checked_at": ""
      }
    },
    {
      "type": "Feature",
      "geometry": {
        "type": "Point",
        "coordinates": [
          24.3814,
          60.9668
        ]
      },
      "properties": {
        "lipas_id": "611914",
        "nimi": "Tervaniemen talviuintipaikka",
        "kunta": "Hämeenlinna",
        "url": "https://lipas.fi/liikuntapaikat/611914",
        "maksullinen": "",
        "kertapääsy": "",
        "pukuhuone": "",
        "sauna": "",
        "huomio": "",
        "lipas_url": "https://lipas.fi/liikuntapaikat/611914",
        "address": "Tervaniementie 32-36, 13500 Hämeenlinna",
        "address_source": "https://visithame.fi/en/tuotteet/tervaniemen-ulkoilualue-ja-soininsaari",
        "address_checked_at": "2026-10-03"
      }
    },
    {
      "type": "Feature",
      "geometry": {
        "type": "Point",
        "coordinates": [
          25.3812,
          65.3304
        ]
      },
      "properties": {
        "lipas_id": "525279",
        "nimi": "Vihkosaaren avantouintipaikka",
        "kunta": "Ii",
        "url": "https://lipas.fi/liikuntapaikat/525279",
        "maksullinen": "",
        "kertapääsy": "",
        "pukuhuone": "",
        "sauna": "",
        "huomio": "",
        "website": "https://ii.fi/liikunta-leikkipaikat-ja-luontokohteet",
        "website_source": "LIPAS www + sisältötarkistus",
        "website_checked_at": "2026-09-19",
        "lipas_url": "https://lipas.fi/liikuntapaikat/525279",
        "address": "Illinsaarentie, 91100 Ii",
        "address_source": "https://lipas.fi/liikuntapaikka/525279",
        "address_checked_at": "2026-10-03"
      }
    },
    {
      "type": "Feature",
      "geometry": {
        "type": "Point",
        "coordinates": [
          27.1745,
          63.562
        ]
      },
      "properties": {
        "lipas_id": "516984",
        "nimi": "Pursiseuran rannan avantouintipaikka",
        "kunta": "Iisalmi",
        "url": "https://lipas.fi/liikuntapaikat/516984",
        "maksullinen": "",
        "kertapääsy": "",
        "pukuhuone": "",
        "sauna": "",
        "huomio": "",
        "lipas_url": "https://lipas.fi/liikuntapaikat/516984",
        "address": "Haukiniemenkatu 23, 74100 Iisalmi",
        "address_source": "https://lipas.fi/liikuntapaikka/516984",
        "address_checked_at": "2026-10-03"
      }
    },
    {
      "type": "Feature",
      "geometry": {
        "type": "Point",
        "coordinates": [
          26.2747,
          60.9208
        ]
      },
      "properties": {
        "lipas_id": "513601",
        "nimi": "Veteraanimajan avantouintipaikka",
        "kunta": "Iitti",
        "url": "https://lipas.fi/liikuntapaikat/513601",
        "maksullinen": "",
        "kertapääsy": "",
        "pukuhuone": "",
        "sauna": "",
        "huomio": "",
        "website": "https://www.iitti.fi/vapaa-aika-ja-hyvinvointi/ulkoilu-ja-luonto/avantouinti-ja-yleiset-saunat/",
        "website_source": "LIPAS www + sisältötarkistus",
        "website_checked_at": "2026-09-19",
        "lipas_url": "https://lipas.fi/liikuntapaikat/513601",
        "address": "Sitikkalantie 107, 47400 Kausala",
        "address_source": "",
        "address_checked_at": ""
      }
    },
    {
      "type": "Feature",
      "geometry": {
        "type": "Point",
        "coordinates": [
          22.5787,
          62.7402
        ]
      },
      "properties": {
        "lipas_id": "612313",
        "nimi": "Herralan Kyläsaunan talviuintipaikka",
        "kunta": "Ilmajoki",
        "url": "https://lipas.fi/liikuntapaikat/612313",
        "maksullinen": "",
        "kertapääsy": "",
        "pukuhuone": "",
        "sauna": "",
        "huomio": "",
        "website": "https://kylmarinki.weebly.com/",
        "website_source": "LIPAS www + sisältötarkistus",
        "website_checked_at": "2026-09-19",
        "lipas_url": "https://lipas.fi/liikuntapaikat/612313",
        "address": "Könnintie 27A, 60800 Ilmajoki",
        "address_source": "https://lipas.fi/liikuntapaikka/612313",
        "address_checked_at": "2026-10-03"
      }
    },
    {
      "type": "Feature",
      "geometry": {
        "type": "Point",
        "coordinates": [
          22.2044,
          62.7256
        ]
      },
      "properties": {
        "lipas_id": "612314",
        "nimi": "Seurakunnan leirikeskuksen talviuintipaikka",
        "kunta": "Ilmajoki",
        "url": "https://lipas.fi/liikuntapaikat/612314",
        "maksullinen": "",
        "kertapääsy": "",
        "pukuhuone": "",
        "sauna": "",
        "huomio": "",
        "lipas_url": "https://lipas.fi/liikuntapaikat/612314",
        "address": "Jurvantie 1410, 61340 Nopankylä",
        "address_source": "https://lipas.fi/liikuntapaikka/612314",
        "address_checked_at": "2026-10-03"
      }
    },
    {
      "type": "Feature",
      "geometry": {
        "type": "Point",
        "coordinates": [
          28.7807,
          61.1869
        ]
      },
      "properties": {
        "lipas_id": "98535",
        "nimi": "Imatran Talviuimareiden avanto",
        "kunta": "Imatra",
        "url": "https://lipas.fi/liikuntapaikat/98535",
        "maksullinen": "",
        "kertapääsy": "",
        "pukuhuone": "",
        "sauna": "",
        "huomio": "",
        "website": "https://www.imatrantalviuimarit.fi/",
        "website_source": "LIPAS www + sisältötarkistus",
        "website_checked_at": "2026-09-19",
        "lipas_url": "https://lipas.fi/liikuntapaikat/98535",
        "address": "Varpasaarenpolku 10, 55120 Imatra",
        "address_source": "",
        "address_checked_at": ""
      }
    },
    {
      "type": "Feature",
      "geometry": {
        "type": "Point",
        "coordinates": [
          27.4581,
          68.3465
        ]
      },
      "properties": {
        "lipas_id": "518340",
        "nimi": "Kiilopään Kuurakaltio",
        "kunta": "Inari",
        "url": "https://lipas.fi/liikuntapaikat/518340",
        "maksullinen": "",
        "kertapääsy": "",
        "pukuhuone": "",
        "sauna": "",
        "huomio": "",
        "lipas_url": "https://lipas.fi/liikuntapaikat/518340",
        "address": "Kiilopääntie 620, 99830 Saariselkä",
        "address_source": "https://lipas.fi/liikuntapaikka/518340",
        "address_checked_at": "2026-10-03"
      }
    },
    {
      "type": "Feature",
      "geometry": {
        "type": "Point",
        "coordinates": [
          24.0078,
          60.0416
        ]
      },
      "properties": {
        "lipas_id": "98538",
        "nimi": "Sataman talviuintipaikka",
        "kunta": "Inkoo",
        "url": "https://lipas.fi/liikuntapaikat/98538",
        "maksullinen": "",
        "kertapääsy": "",
        "pukuhuone": "",
        "sauna": "",
        "huomio": "",
        "lipas_url": "https://lipas.fi/liikuntapaikat/98538",
        "address": "Strandvägen, 10210 Ingå",
        "address_source": "https://lipas.fi/liikuntapaikka/98538",
        "address_checked_at": "2026-10-03"
      }
    },
    {
      "type": "Feature",
      "geometry": {
        "type": "Point",
        "coordinates": [
          22.002,
          62.1681
        ]
      },
      "properties": {
        "lipas_id": "612315",
        "nimi": "Kangasjärven leirintäalueen talviuintipaikka",
        "kunta": "Isojoki",
        "url": "https://lipas.fi/liikuntapaikat/612315",
        "maksullinen": "",
        "kertapääsy": "",
        "pukuhuone": "",
        "sauna": "",
        "huomio": "",
        "lipas_url": "https://lipas.fi/liikuntapaikat/612315",
        "address": "Kangasjärventie 633",
        "address_source": "",
        "address_checked_at": ""
      }
    },
    {
      "type": "Feature",
      "geometry": {
        "type": "Point",
        "coordinates": [
          24.627,
          60.9211
        ]
      },
      "properties": {
        "lipas_id": "517522",
        "nimi": "Liinalammen avantouintipaikka",
        "kunta": "Janakkala",
        "url": "https://lipas.fi/liikuntapaikat/517522",
        "maksullinen": "",
        "kertapääsy": "",
        "pukuhuone": "",
        "sauna": "",
        "huomio": "",
        "website": "https://www.janakkala.fi/vapaa-aika-ja-matkailu/liikunta/ulkoliikuntapaikat/talviuinti/",
        "website_source": "LIPAS www + sisältötarkistus",
        "website_checked_at": "2026-09-19",
        "lipas_url": "https://lipas.fi/liikuntapaikat/517522",
        "address": "Liinalammintie 3, 14200 Turenki",
        "address_source": "https://lipas.fi/liikuntapaikka/517522",
        "address_checked_at": "2026-10-03"
      }
    },
    {
      "type": "Feature",
      "geometry": {
        "type": "Point",
        "coordinates": [
          24.6182,
          60.8022
        ]
      },
      "properties": {
        "lipas_id": "603893",
        "nimi": "Suruttoman avantouintipaikka",
        "kunta": "Janakkala",
        "url": "https://lipas.fi/liikuntapaikat/603893",
        "maksullinen": "",
        "kertapääsy": "",
        "pukuhuone": "",
        "sauna": "",
        "huomio": "",
        "website": "https://www.suruton.fi/",
        "website_source": "LIPAS www + sisältötarkistus",
        "website_checked_at": "2026-09-19",
        "lipas_url": "https://lipas.fi/liikuntapaikat/603893",
        "address": "Alasjärventie 9, 12400 Tervakoski",
        "address_source": "https://lipas.fi/liikuntapaikka/603893",
        "address_checked_at": "2026-10-03"
      }
    },
    {
      "type": "Feature",
      "geometry": {
        "type": "Point",
        "coordinates": [
          29.7647,
          62.5806
        ]
      },
      "properties": {
        "lipas_id": "521040",
        "nimi": "Joensuun Jääkarhut ry:n avantouintikeskus",
        "kunta": "Joensuu",
        "url": "https://lipas.fi/liikuntapaikat/521040",
        "maksullinen": "",
        "kertapääsy": "",
        "pukuhuone": "",
        "sauna": "",
        "huomio": "",
        "website": "https://www.joensuunjaakarhut.fi/",
        "website_source": "LIPAS www + sisältötarkistus",
        "website_checked_at": "2026-09-19",
        "lipas_url": "https://lipas.fi/liikuntapaikat/521040",
        "address": "Mäntyniementie 1, Joensuu",
        "address_source": "",
        "address_checked_at": ""
      }
    },
    {
      "type": "Feature",
      "geometry": {
        "type": "Point",
        "coordinates": [
          29.8094,
          62.5471
        ]
      },
      "properties": {
        "lipas_id": "518344",
        "nimi": "Pyhäselän Avantouimarit ry:n talviuintipaikka",
        "kunta": "Joensuu",
        "url": "https://lipas.fi/liikuntapaikat/518344",
        "maksullinen": "",
        "kertapääsy": "",
        "pukuhuone": "",
        "sauna": "",
        "huomio": "",
        "website": "https://www.paury.fi/",
        "website_source": "LIPAS www + sisältötarkistus",
        "website_checked_at": "2026-09-19",
        "lipas_url": "https://lipas.fi/liikuntapaikat/518344",
        "address": "Haapaniementie 51a, 80330 Joensuu",
        "address_source": "",
        "address_checked_at": ""
      }
    },
    {
      "type": "Feature",
      "geometry": {
        "type": "Point",
        "coordinates": [
          27.7776,
          62.1802
        ]
      },
      "properties": {
        "lipas_id": "529961",
        "nimi": "Kolpan majan talviuintipaikka",
        "kunta": "Joroinen",
        "url": "https://lipas.fi/liikuntapaikat/529961",
        "maksullinen": "",
        "kertapääsy": "",
        "pukuhuone": "",
        "sauna": "",
        "huomio": "",
        "lipas_url": "https://lipas.fi/liikuntapaikat/529961",
        "address": "Tuohilahdentie 132",
        "address_source": "",
        "address_checked_at": ""
      }
    },
    {
      "type": "Feature",
      "geometry": {
        "type": "Point",
        "coordinates": [
          29.7094,
          63.0395
        ]
      },
      "properties": {
        "lipas_id": "612198",
        "nimi": "Koli Freetimen talviuintipaikka",
        "kunta": "Juuka",
        "url": "https://lipas.fi/liikuntapaikat/612198",
        "maksullinen": "",
        "kertapääsy": "",
        "pukuhuone": "",
        "sauna": "",
        "huomio": "",
        "lipas_url": "https://lipas.fi/liikuntapaikat/612198",
        "address": "Kopravaarantie 27, 83950 Ahmovaara",
        "address_source": "https://lipas.fi/liikuntapaikka/612198",
        "address_checked_at": "2026-10-03"
      }
    },
    {
      "type": "Feature",
      "geometry": {
        "type": "Point",
        "coordinates": [
          24.5384,
          61.7704
        ]
      },
      "properties": {
        "lipas_id": "612322",
        "nimi": "Heimolan talviuintipaikka",
        "kunta": "Juupajoki",
        "url": "https://lipas.fi/liikuntapaikat/612322",
        "maksullinen": "",
        "kertapääsy": "",
        "pukuhuone": "",
        "sauna": "",
        "huomio": "",
        "website": "https://www.karjalanliitto.fi/karjalan-liitto/jasenyhteisot/karjalaseurat/juupajoen-karjala-seura-ry.html",
        "website_source": "LIPAS www + sisältötarkistus",
        "website_checked_at": "2026-09-19",
        "lipas_url": "https://lipas.fi/liikuntapaikat/612322",
        "address": "Petääjärventie 570, Juupajoki",
        "address_source": "",
        "address_checked_at": ""
      }
    },
    {
      "type": "Feature",
      "geometry": {
        "type": "Point",
        "coordinates": [
          25.6744,
          62.2416
        ]
      },
      "properties": {
        "lipas_id": "528658",
        "nimi": "Köhniön avantouintipaikka",
        "kunta": "Jyväskylä",
        "url": "https://lipas.fi/liikuntapaikat/528658",
        "maksullinen": "",
        "kertapääsy": "",
        "pukuhuone": "",
        "sauna": "",
        "huomio": "",
        "website": "https://www.jklavanto.net/",
        "website_source": "LIPAS www + sisältötarkistus",
        "website_checked_at": "2026-09-19",
        "lipas_url": "https://lipas.fi/liikuntapaikat/528658",
        "address": "",
        "address_source": "",
        "address_checked_at": ""
      }
    },
    {
      "type": "Feature",
      "geometry": {
        "type": "Point",
        "coordinates": [
          25.7255,
          62.2974
        ]
      },
      "properties": {
        "lipas_id": "528659",
        "nimi": "Ollilan avantouintipaikka",
        "kunta": "Jyväskylä",
        "url": "https://lipas.fi/liikuntapaikat/528659",
        "maksullinen": "",
        "kertapääsy": "",
        "pukuhuone": "",
        "sauna": "",
        "huomio": "",
        "lipas_url": "https://lipas.fi/liikuntapaikat/528659",
        "address": "",
        "address_source": "",
        "address_checked_at": ""
      }
    },
    {
      "type": "Feature",
      "geometry": {
        "type": "Point",
        "coordinates": [
          25.6062,
          62.375
        ]
      },
      "properties": {
        "lipas_id": "612475",
        "nimi": "Ränssin Kievarin talviuintipaikka",
        "kunta": "Jyväskylä",
        "url": "https://lipas.fi/liikuntapaikat/612475",
        "maksullinen": "",
        "kertapääsy": "",
        "pukuhuone": "",
        "sauna": "",
        "huomio": "",
        "website": "https://www.ranssinkievari.fi/",
        "website_source": "LIPAS www + sisältötarkistus",
        "website_checked_at": "2026-09-19",
        "lipas_url": "https://lipas.fi/liikuntapaikat/612475",
        "address": "Kuikantie 340, 41140 Kuikka",
        "address_source": "https://lipas.fi/liikuntapaikka/612475",
        "address_checked_at": "2026-10-03"
      }
    },
    {
      "type": "Feature",
      "geometry": {
        "type": "Point",
        "coordinates": [
          25.7616,
          62.2157
        ]
      },
      "properties": {
        "lipas_id": "528660",
        "nimi": "Tikan avantouintipaikka",
        "kunta": "Jyväskylä",
        "url": "https://lipas.fi/liikuntapaikat/528660",
        "maksullinen": "",
        "kertapääsy": "",
        "pukuhuone": "",
        "sauna": "",
        "huomio": "",
        "website": "https://www.jklavanto.net/",
        "website_source": "LIPAS www + sisältötarkistus",
        "website_checked_at": "2026-09-19",
        "lipas_url": "https://lipas.fi/liikuntapaikat/528660",
        "address": "",
        "address_source": "",
        "address_checked_at": ""
      }
    },
    {
      "type": "Feature",
      "geometry": {
        "type": "Point",
        "coordinates": [
          25.7421,
          62.2576
        ]
      },
      "properties": {
        "lipas_id": "617250",
        "nimi": "Tuomiojärven talviuintipaikka",
        "kunta": "Jyväskylä",
        "url": "https://lipas.fi/liikuntapaikat/617250",
        "maksullinen": "",
        "kertapääsy": "",
        "pukuhuone": "",
        "sauna": "",
        "huomio": "",
        "website": "https://www.jklavanto.net/",
        "website_source": "LIPAS www + sisältötarkistus",
        "website_checked_at": "2026-09-19",
        "lipas_url": "https://lipas.fi/liikuntapaikat/617250",
        "address": "Polvitie 1, 40200 Jyväskylä",
        "address_source": "https://visitjyvaskyla.fi/?p=157309",
        "address_checked_at": "2026-10-03"
      }
    },
    {
      "type": "Feature",
      "geometry": {
        "type": "Point",
        "coordinates": [
          25.8901,
          62.2447
        ]
      },
      "properties": {
        "lipas_id": "516509",
        "nimi": "Uimalanniemen avantouintipaikka",
        "kunta": "Jyväskylä",
        "url": "https://lipas.fi/liikuntapaikat/516509",
        "maksullinen": "",
        "kertapääsy": "",
        "pukuhuone": "",
        "sauna": "",
        "huomio": "",
        "lipas_url": "https://lipas.fi/liikuntapaikat/516509",
        "address": "",
        "address_source": "",
        "address_checked_at": ""
      }
    },
    {
      "type": "Feature",
      "geometry": {
        "type": "Point",
        "coordinates": [
          24.8357,
          61.856
        ]
      },
      "properties": {
        "lipas_id": "517915",
        "nimi": "Hallin talviuintipaikka",
        "kunta": "Jämsä",
        "url": "https://lipas.fi/liikuntapaikat/517915",
        "maksullinen": "",
        "kertapääsy": "",
        "pukuhuone": "",
        "sauna": "",
        "huomio": "",
        "website": "https://jamsa.fi/vapaa-aika/liikunta-ja-ulkoilu/avantouinti/",
        "website_source": "LIPAS www + sisältötarkistus",
        "website_checked_at": "2026-09-19",
        "lipas_url": "https://lipas.fi/liikuntapaikat/517915",
        "address": "Kuorevedentie 120, 35600 Halli",
        "address_source": "",
        "address_checked_at": ""
      }
    },
    {
      "type": "Feature",
      "geometry": {
        "type": "Point",
        "coordinates": [
          25.215,
          61.8759
        ]
      },
      "properties": {
        "lipas_id": "517916",
        "nimi": "Särkijärven talviuintipaikka",
        "kunta": "Jämsä",
        "url": "https://lipas.fi/liikuntapaikat/517916",
        "maksullinen": "",
        "kertapääsy": "",
        "pukuhuone": "",
        "sauna": "",
        "huomio": "",
        "lipas_url": "https://lipas.fi/liikuntapaikat/517916",
        "address": "Moiskalantie 19, 42100 Jämsä",
        "address_source": "",
        "address_checked_at": ""
      }
    },
    {
      "type": "Feature",
      "geometry": {
        "type": "Point",
        "coordinates": [
          25.1655,
          61.9193
        ]
      },
      "properties": {
        "lipas_id": "517914",
        "nimi": "Uimahallin talviuintipaikka",
        "kunta": "Jämsä",
        "url": "https://lipas.fi/liikuntapaikat/517914",
        "maksullinen": "",
        "kertapääsy": "",
        "pukuhuone": "",
        "sauna": "",
        "huomio": "",
        "website": "https://jamsa.fi/vapaa-aika/liikunta-ja-ulkoilu/avantouinti/",
        "website_source": "LIPAS www + sisältötarkistus",
        "website_checked_at": "2026-09-19",
        "lipas_url": "https://lipas.fi/liikuntapaikat/517914",
        "address": "Koskikarantie 1, 42300 Jämsänkoski",
        "address_source": "",
        "address_checked_at": ""
      }
    },
    {
      "type": "Feature",
      "geometry": {
        "type": "Point",
        "coordinates": [
          25.0636,
          60.4548
        ]
      },
      "properties": {
        "lipas_id": "612333",
        "nimi": "Vanhankylänniemen kartanon talviuintipaikka",
        "kunta": "Järvenpää",
        "url": "https://lipas.fi/liikuntapaikat/612333",
        "maksullinen": "",
        "kertapääsy": "",
        "pukuhuone": "",
        "sauna": "",
        "huomio": "",
        "lipas_url": "https://lipas.fi/liikuntapaikat/612333",
        "address": "Stålhanentie 4, 04400 Järvenpää",
        "address_source": "https://lipas.fi/liikuntapaikka/612333",
        "address_checked_at": "2026-10-03"
      }
    },
    {
      "type": "Feature",
      "geometry": {
        "type": "Point",
        "coordinates": [
          22.3067,
          60.3862
        ]
      },
      "properties": {
        "lipas_id": "612367",
        "nimi": "Ala-Lemun kartanon talviuintipaikka",
        "kunta": "Kaarina",
        "url": "https://lipas.fi/liikuntapaikat/612367",
        "maksullinen": "",
        "kertapääsy": "",
        "pukuhuone": "",
        "sauna": "",
        "huomio": "",
        "lipas_url": "https://lipas.fi/liikuntapaikat/612367",
        "address": "Lemuntie 242, 20760 Kaarina",
        "address_source": "https://lipas.fi/liikuntapaikka/612367",
        "address_checked_at": "2026-10-03"
      }
    },
    {
      "type": "Feature",
      "geometry": {
        "type": "Point",
        "coordinates": [
          22.3779,
          60.3957
        ]
      },
      "properties": {
        "lipas_id": "611976",
        "nimi": "Hovirinnan talviuintipaikka",
        "kunta": "Kaarina",
        "url": "https://lipas.fi/liikuntapaikat/611976",
        "maksullinen": "",
        "kertapääsy": "",
        "pukuhuone": "",
        "sauna": "",
        "huomio": "",
        "lipas_url": "https://lipas.fi/liikuntapaikat/611976",
        "address": "Uimarannantie, Kaarina",
        "address_source": "",
        "address_checked_at": ""
      }
    },
    {
      "type": "Feature",
      "geometry": {
        "type": "Point",
        "coordinates": [
          22.4479,
          60.3531
        ]
      },
      "properties": {
        "lipas_id": "518015",
        "nimi": "Pöylinrannan talviuintipaikka",
        "kunta": "Kaarina",
        "url": "https://lipas.fi/liikuntapaikat/518015",
        "maksullinen": "",
        "kertapääsy": "",
        "pukuhuone": "",
        "sauna": "",
        "huomio": "",
        "lipas_url": "https://lipas.fi/liikuntapaikat/518015",
        "address": "Pyölintie 77, Piikkiö",
        "address_source": "",
        "address_checked_at": ""
      }
    },
    {
      "type": "Feature",
      "geometry": {
        "type": "Point",
        "coordinates": [
          22.3239,
          60.3689
        ]
      },
      "properties": {
        "lipas_id": "612307",
        "nimi": "Villa Wolaxin talviuintipaikka",
        "kunta": "Kaarina",
        "url": "https://lipas.fi/liikuntapaikat/612307",
        "maksullinen": "",
        "kertapääsy": "",
        "pukuhuone": "",
        "sauna": "",
        "huomio": "",
        "website": "https://www.villawolax.fi/",
        "website_source": "LIPAS www + sisältötarkistus",
        "website_checked_at": "2026-09-19",
        "lipas_url": "https://lipas.fi/liikuntapaikat/612307",
        "address": "Villa Wolaxin tie 40, 21620 Kuusisto",
        "address_source": "https://lipas.fi/liikuntapaikka/612307",
        "address_checked_at": "2026-10-03"
      }
    },
    {
      "type": "Feature",
      "geometry": {
        "type": "Point",
        "coordinates": [
          27.7547,
          64.2244
        ]
      },
      "properties": {
        "lipas_id": "518953",
        "nimi": "Kajaanin kylmäkaraisukeskus",
        "kunta": "Kajaani",
        "url": "https://lipas.fi/liikuntapaikat/518953",
        "maksullinen": "",
        "kertapääsy": "",
        "pukuhuone": "",
        "sauna": "",
        "huomio": "",
        "website": "https://www.kajaaninavantouimarit.fi/",
        "website_source": "LIPAS www + sisältötarkistus",
        "website_checked_at": "2026-09-19",
        "lipas_url": "https://lipas.fi/liikuntapaikat/518953",
        "address": "Avantopolku 2, 87100 Kajaani",
        "address_source": "https://lipas.fi/liikuntapaikka/518953",
        "address_checked_at": "2026-10-03"
      }
    },
    {
      "type": "Feature",
      "geometry": {
        "type": "Point",
        "coordinates": [
          24.047,
          64.2165
        ]
      },
      "properties": {
        "lipas_id": "519050",
        "nimi": "Esalankankaan talviuintipaikka",
        "kunta": "Kalajoki",
        "url": "https://lipas.fi/liikuntapaikat/519050",
        "maksullinen": "",
        "kertapääsy": "",
        "pukuhuone": "",
        "sauna": "",
        "huomio": "",
        "lipas_url": "https://lipas.fi/liikuntapaikat/519050",
        "address": "Loopintie 59, 85140 Tynkä",
        "address_source": "",
        "address_checked_at": ""
      }
    },
    {
      "type": "Feature",
      "geometry": {
        "type": "Point",
        "coordinates": [
          24.0837,
          61.4676
        ]
      },
      "properties": {
        "lipas_id": "519030",
        "nimi": "Vesaniemen talviuintipaikka",
        "kunta": "Kangasala",
        "url": "https://lipas.fi/liikuntapaikat/519030",
        "maksullinen": "",
        "kertapääsy": "",
        "pukuhuone": "",
        "sauna": "",
        "huomio": "",
        "lipas_url": "https://lipas.fi/liikuntapaikat/519030",
        "address": "Vesaniementie 15, 36200 Kangasala",
        "address_source": "https://lipas.fi/liikuntapaikka/519030",
        "address_checked_at": "2026-10-03"
      }
    },
    {
      "type": "Feature",
      "geometry": {
        "type": "Point",
        "coordinates": [
          26.6444,
          61.9848
        ]
      },
      "properties": {
        "lipas_id": "612334",
        "nimi": "Kangasniemen talviuintipaikka",
        "kunta": "Kangasniemi",
        "url": "https://lipas.fi/liikuntapaikat/612334",
        "maksullinen": "",
        "kertapääsy": "",
        "pukuhuone": "",
        "sauna": "",
        "huomio": "",
        "lipas_url": "https://lipas.fi/liikuntapaikat/612334",
        "address": "Satamatie 34, 51200 Kangasniemi",
        "address_source": "https://lipas.fi/liikuntapaikka/612334",
        "address_checked_at": "2026-10-03"
      }
    },
    {
      "type": "Feature",
      "geometry": {
        "type": "Point",
        "coordinates": [
          22.391,
          61.765
        ]
      },
      "properties": {
        "lipas_id": "612337",
        "nimi": "Hakoniemen leirikeskuksen talviuintipaikka",
        "kunta": "Kankaanpää",
        "url": "https://lipas.fi/liikuntapaikat/612337",
        "maksullinen": "",
        "kertapääsy": "",
        "pukuhuone": "",
        "sauna": "",
        "huomio": "",
        "lipas_url": "https://lipas.fi/liikuntapaikat/612337",
        "address": "Hakoniementie 24",
        "address_source": "",
        "address_checked_at": ""
      }
    },
    {
      "type": "Feature",
      "geometry": {
        "type": "Point",
        "coordinates": [
          22.39,
          61.8
        ]
      },
      "properties": {
        "lipas_id": "612338",
        "nimi": "Rivieran talviuintipaikka",
        "kunta": "Kankaanpää",
        "url": "https://lipas.fi/liikuntapaikat/612338",
        "maksullinen": "",
        "kertapääsy": "",
        "pukuhuone": "",
        "sauna": "",
        "huomio": "",
        "website": "https://www.kankaanpaa.fi/kulttuuri-liikunta-ja-nuoriso/liikunta/uimarannat/",
        "website_source": "LIPAS www + sisältötarkistus",
        "website_checked_at": "2026-09-19",
        "lipas_url": "https://lipas.fi/liikuntapaikat/612338",
        "address": "Tapalankatu 7",
        "address_source": "",
        "address_checked_at": ""
      }
    },
    {
      "type": "Feature",
      "geometry": {
        "type": "Point",
        "coordinates": [
          25.1747,
          63.0134
        ]
      },
      "properties": {
        "lipas_id": "612339",
        "nimi": "Piispalan talviuintipaikka",
        "kunta": "Kannonkoski",
        "url": "https://lipas.fi/liikuntapaikat/612339",
        "maksullinen": "",
        "kertapääsy": "",
        "pukuhuone": "",
        "sauna": "",
        "huomio": "",
        "website": "https://www.kannonkoski.fi/talviuinti",
        "website_source": "LIPAS www + sisältötarkistus",
        "website_checked_at": "2026-09-19",
        "lipas_url": "https://lipas.fi/liikuntapaikat/612339",
        "address": "Kurssitie 40, 43300 Kannonkoski",
        "address_source": "https://lipas.fi/liikuntapaikka/612339",
        "address_checked_at": "2026-10-03"
      }
    },
    {
      "type": "Feature",
      "geometry": {
        "type": "Point",
        "coordinates": [
          24.7846,
          62.8711
        ]
      },
      "properties": {
        "lipas_id": "612342",
        "nimi": "Lossinrannan talviuintipaikka",
        "kunta": "Karstula",
        "url": "https://lipas.fi/liikuntapaikat/612342",
        "maksullinen": "",
        "kertapääsy": "",
        "pukuhuone": "",
        "sauna": "",
        "huomio": "",
        "lipas_url": "https://lipas.fi/liikuntapaikat/612342",
        "address": "Meijeritie 16, 43500 Karstula",
        "address_source": "https://lipas.fi/liikuntapaikka/612342",
        "address_checked_at": "2026-10-03"
      }
    },
    {
      "type": "Feature",
      "geometry": {
        "type": "Point",
        "coordinates": [
          21.2204,
          62.3844
        ]
      },
      "properties": {
        "lipas_id": "518707",
        "nimi": "Vierasvenesataman talviuintipaikka",
        "kunta": "Kaskinen",
        "url": "https://lipas.fi/liikuntapaikat/518707",
        "maksullinen": "",
        "kertapääsy": "",
        "pukuhuone": "",
        "sauna": "",
        "huomio": "",
        "lipas_url": "https://lipas.fi/liikuntapaikat/518707",
        "address": "Satamakatu, 64260 Kaskinen",
        "address_source": "https://lipas.fi/liikuntapaikka/518707",
        "address_checked_at": "2026-10-03"
      }
    },
    {
      "type": "Feature",
      "geometry": {
        "type": "Point",
        "coordinates": [
          22.9632,
          63.2763
        ]
      },
      "properties": {
        "lipas_id": "518569",
        "nimi": "Haaruksen majan avantouintipaikka",
        "kunta": "Kauhava",
        "url": "https://lipas.fi/liikuntapaikat/518569",
        "maksullinen": "",
        "kertapääsy": "",
        "pukuhuone": "",
        "sauna": "",
        "huomio": "",
        "lipas_url": "https://lipas.fi/liikuntapaikat/518569",
        "address": "Haaruskankaantie 198, 62300 Härmä",
        "address_source": "",
        "address_checked_at": ""
      }
    },
    {
      "type": "Feature",
      "geometry": {
        "type": "Point",
        "coordinates": [
          23.1422,
          63.2093
        ]
      },
      "properties": {
        "lipas_id": "612420",
        "nimi": "Kortesjärven talviuintipaikka",
        "kunta": "Kauhava",
        "url": "https://lipas.fi/liikuntapaikat/612420",
        "maksullinen": "",
        "kertapääsy": "",
        "pukuhuone": "",
        "sauna": "",
        "huomio": "",
        "website": "https://kauhava.fi/vapaa_aika/liikunta/liikuntapaikat/avantouinti/",
        "website_source": "LIPAS www + sisältötarkistus",
        "website_checked_at": "2026-09-19",
        "lipas_url": "https://lipas.fi/liikuntapaikat/612420",
        "address": "Haavistontie 40, 62410 Rintala",
        "address_source": "https://lipas.fi/liikuntapaikka/612420",
        "address_checked_at": "2026-10-03"
      }
    },
    {
      "type": "Feature",
      "geometry": {
        "type": "Point",
        "coordinates": [
          23.1253,
          63.0642
        ]
      },
      "properties": {
        "lipas_id": "518568",
        "nimi": "Ojutjärven leirikeskuksen avantouintipaikka",
        "kunta": "Kauhava",
        "url": "https://lipas.fi/liikuntapaikat/518568",
        "maksullinen": "",
        "kertapääsy": "",
        "pukuhuone": "",
        "sauna": "",
        "huomio": "",
        "website": "https://kauhava.fi/vapaa_aika/liikunta/liikuntapaikat/avantouinti/",
        "website_source": "LIPAS www + sisältötarkistus",
        "website_checked_at": "2026-09-19",
        "lipas_url": "https://lipas.fi/liikuntapaikat/518568",
        "address": "Ojutjärventie 470, 62200 Kauhava",
        "address_source": "https://lipas.fi/liikuntapaikka/518568",
        "address_checked_at": "2026-10-03"
      }
    },
    {
      "type": "Feature",
      "geometry": {
        "type": "Point",
        "coordinates": [
          23.7213,
          63.5912
        ]
      },
      "properties": {
        "lipas_id": "612343",
        "nimi": "Tastulan Lomakylän talviuintipaikka",
        "kunta": "Kaustinen",
        "url": "https://lipas.fi/liikuntapaikat/612343",
        "maksullinen": "",
        "kertapääsy": "",
        "pukuhuone": "",
        "sauna": "",
        "huomio": "",
        "lipas_url": "https://lipas.fi/liikuntapaikat/612343",
        "address": "Mökkitie 7, 69600 Kaustinen",
        "address_source": "https://lipas.fi/liikuntapaikka/612343",
        "address_checked_at": "2026-10-03"
      }
    },
    {
      "type": "Feature",
      "geometry": {
        "type": "Point",
        "coordinates": [
          26.3563,
          63.1795
        ]
      },
      "properties": {
        "lipas_id": "513773",
        "nimi": "Avantouintipaikka",
        "kunta": "Keitele",
        "url": "https://lipas.fi/liikuntapaikat/513773",
        "maksullinen": "",
        "kertapääsy": "",
        "pukuhuone": "",
        "sauna": "",
        "huomio": "",
        "lipas_url": "https://lipas.fi/liikuntapaikat/513773",
        "address": "Laituritie 2, ranta",
        "address_source": "",
        "address_checked_at": ""
      }
    },
    {
      "type": "Feature",
      "geometry": {
        "type": "Point",
        "coordinates": [
          24.5543,
          65.7287
        ]
      },
      "properties": {
        "lipas_id": "98537",
        "nimi": "Kemin talviuintipaikka",
        "kunta": "Kemi",
        "url": "https://lipas.fi/liikuntapaikat/98537",
        "maksullinen": "",
        "kertapääsy": "",
        "pukuhuone": "",
        "sauna": "",
        "huomio": "",
        "website": "https://www.kemi.fi/vapaa-aika-ja-kulttuuri/liikunta-ja-luonto/uimarannat/",
        "website_source": "LIPAS www + sisältötarkistus",
        "website_checked_at": "2026-09-19",
        "lipas_url": "https://lipas.fi/liikuntapaikat/98537",
        "address": "Rantabulevardi 27, Kemi",
        "address_source": "",
        "address_checked_at": ""
      }
    },
    {
      "type": "Feature",
      "geometry": {
        "type": "Point",
        "coordinates": [
          24.5511,
          65.7326
        ]
      },
      "properties": {
        "lipas_id": "609444",
        "nimi": "Satamakonttorin talviuintipaikka",
        "kunta": "Kemi",
        "url": "https://lipas.fi/liikuntapaikat/609444",
        "maksullinen": "",
        "kertapääsy": "",
        "pukuhuone": "",
        "sauna": "",
        "huomio": "",
        "lipas_url": "https://lipas.fi/liikuntapaikat/609444",
        "address": "Rantabulevardi 1, Kemi",
        "address_source": "",
        "address_checked_at": ""
      }
    },
    {
      "type": "Feature",
      "geometry": {
        "type": "Point",
        "coordinates": [
          27.4274,
          66.7087
        ]
      },
      "properties": {
        "lipas_id": "517511",
        "nimi": "Uimahallin avantouintipaikka",
        "kunta": "Kemijärvi",
        "url": "https://lipas.fi/liikuntapaikat/517511",
        "maksullinen": "",
        "kertapääsy": "",
        "pukuhuone": "",
        "sauna": "",
        "huomio": "",
        "website": "http://www.kemijarvenlatu.fi/p/talviuinti.html",
        "website_source": "LIPAS www + sisältötarkistus",
        "website_checked_at": "2026-09-19",
        "lipas_url": "https://lipas.fi/liikuntapaikat/517511",
        "address": "Värjärintie 6, 98100 Kemijärvi",
        "address_source": "",
        "address_checked_at": ""
      }
    },
    {
      "type": "Feature",
      "geometry": {
        "type": "Point",
        "coordinates": [
          24.535,
          65.7987
        ]
      },
      "properties": {
        "lipas_id": "609914",
        "nimi": "Talviuintipaikka",
        "kunta": "Keminmaa",
        "url": "https://lipas.fi/liikuntapaikat/609914",
        "maksullinen": "",
        "kertapääsy": "",
        "pukuhuone": "",
        "sauna": "",
        "huomio": "",
        "lipas_url": "https://lipas.fi/liikuntapaikat/609914",
        "address": "Järventaustantie 10",
        "address_source": "",
        "address_checked_at": ""
      }
    },
    {
      "type": "Feature",
      "geometry": {
        "type": "Point",
        "coordinates": [
          22.5975,
          60.2238
        ]
      },
      "properties": {
        "lipas_id": "612378",
        "nimi": "Ekniemen talviuintipaikka",
        "kunta": "Kemiönsaari",
        "url": "https://lipas.fi/liikuntapaikat/612378",
        "maksullinen": "",
        "kertapääsy": "",
        "pukuhuone": "",
        "sauna": "",
        "huomio": "",
        "lipas_url": "https://lipas.fi/liikuntapaikat/612378",
        "address": "Leirintäalueentie 55, 25700 Kemiönsaari",
        "address_source": "https://lipas.fi/liikuntapaikka/612378",
        "address_checked_at": "2026-10-03"
      }
    },
    {
      "type": "Feature",
      "geometry": {
        "type": "Point",
        "coordinates": [
          22.4789,
          60.0663
        ]
      },
      "properties": {
        "lipas_id": "609113",
        "nimi": "Labbnäsin talviuintipaikka",
        "kunta": "Kemiönsaari",
        "url": "https://lipas.fi/liikuntapaikat/609113",
        "maksullinen": "",
        "kertapääsy": "",
        "pukuhuone": "",
        "sauna": "",
        "huomio": "",
        "lipas_url": "https://lipas.fi/liikuntapaikat/609113",
        "address": "Labbnäsvägen 66, 25870 Dragsfjärd",
        "address_source": "https://lipas.fi/liikuntapaikka/609113",
        "address_checked_at": "2026-10-03"
      }
    },
    {
      "type": "Feature",
      "geometry": {
        "type": "Point",
        "coordinates": [
          22.4334,
          60.0323
        ]
      },
      "properties": {
        "lipas_id": "612000",
        "nimi": "Söderlångvikin talviuintipaikka",
        "kunta": "Kemiönsaari",
        "url": "https://lipas.fi/liikuntapaikat/612000",
        "maksullinen": "",
        "kertapääsy": "",
        "pukuhuone": "",
        "sauna": "",
        "huomio": "",
        "lipas_url": "https://lipas.fi/liikuntapaikat/612000",
        "address": "Amos Anderson vägen 2, 25870 Dragsfjärd",
        "address_source": "https://lipas.fi/liikuntapaikka/612000",
        "address_checked_at": "2026-10-03"
      }
    },
    {
      "type": "Feature",
      "geometry": {
        "type": "Point",
        "coordinates": [
          25.5334,
          64.939
        ]
      },
      "properties": {
        "lipas_id": "513828",
        "nimi": "Kalliomontun talviuintipaikka",
        "kunta": "Kempele",
        "url": "https://lipas.fi/liikuntapaikat/513828",
        "maksullinen": "",
        "kertapääsy": "",
        "pukuhuone": "",
        "sauna": "",
        "huomio": "",
        "lipas_url": "https://lipas.fi/liikuntapaikat/513828",
        "address": "Kokkokankaantie",
        "address_source": "",
        "address_checked_at": ""
      }
    },
    {
      "type": "Feature",
      "geometry": {
        "type": "Point",
        "coordinates": [
          25.0929,
          60.4079
        ]
      },
      "properties": {
        "lipas_id": "614657",
        "nimi": "Keravan maauimalan talviuintipaikka",
        "kunta": "Kerava",
        "url": "https://lipas.fi/liikuntapaikat/614657",
        "maksullinen": "",
        "kertapääsy": "",
        "pukuhuone": "",
        "sauna": "",
        "huomio": "",
        "lipas_url": "https://lipas.fi/liikuntapaikat/614657",
        "address": "Tuusulantie 45, 04200 Kerava",
        "address_source": "https://lipas.fi/liikuntapaikka/614657",
        "address_checked_at": "2026-10-03"
      }
    },
    {
      "type": "Feature",
      "geometry": {
        "type": "Point",
        "coordinates": [
          24.7137,
          62.2522
        ]
      },
      "properties": {
        "lipas_id": "513861",
        "nimi": "Lapinsalmen avantouintipaikka",
        "kunta": "Keuruu",
        "url": "https://lipas.fi/liikuntapaikat/513861",
        "maksullinen": "",
        "kertapääsy": "",
        "pukuhuone": "",
        "sauna": "",
        "huomio": "",
        "website": "https://keuruu.fi/vapaa-aika-ja-matkailu/retkeily-ja-ulkoilu/uimarannat/",
        "website_source": "LIPAS www + sisältötarkistus",
        "website_checked_at": "2026-09-19",
        "lipas_url": "https://lipas.fi/liikuntapaikat/513861",
        "address": "Lapinsalmentie 7",
        "address_source": "",
        "address_checked_at": ""
      }
    },
    {
      "type": "Feature",
      "geometry": {
        "type": "Point",
        "coordinates": [
          24.4683,
          62.2353
        ]
      },
      "properties": {
        "lipas_id": "612001",
        "nimi": "Niemelänjärven avantouintipaikka",
        "kunta": "Keuruu",
        "url": "https://lipas.fi/liikuntapaikat/612001",
        "maksullinen": "",
        "kertapääsy": "",
        "pukuhuone": "",
        "sauna": "",
        "huomio": "",
        "website": "https://keuruu.fi/vapaa-aika-ja-matkailu/retkeily-ja-ulkoilu/uimarannat/",
        "website_source": "LIPAS www + sisältötarkistus",
        "website_checked_at": "2026-09-19",
        "lipas_url": "https://lipas.fi/liikuntapaikat/612001",
        "address": "Uimalantie 4, Haapamäki",
        "address_source": "",
        "address_checked_at": ""
      }
    },
    {
      "type": "Feature",
      "geometry": {
        "type": "Point",
        "coordinates": [
          24.4267,
          60.2754
        ]
      },
      "properties": {
        "lipas_id": "513115",
        "nimi": "Lamminjärven talviuintipaikka",
        "kunta": "Kirkkonummi",
        "url": "https://lipas.fi/liikuntapaikat/513115",
        "maksullinen": "",
        "kertapääsy": "",
        "pukuhuone": "",
        "sauna": "",
        "huomio": "",
        "website": "https://kirkkonummi.fi/liikunta/ulkoilu-ja-virkistys/avantouintipaikat/",
        "website_source": "LIPAS www + sisältötarkistus",
        "website_checked_at": "2026-09-19",
        "lipas_url": "https://lipas.fi/liikuntapaikat/513115",
        "address": "Hyvänmielentie 9, 02880 Kirkkonummi",
        "address_source": "",
        "address_checked_at": ""
      }
    },
    {
      "type": "Feature",
      "geometry": {
        "type": "Point",
        "coordinates": [
          24.423,
          60.0999
        ]
      },
      "properties": {
        "lipas_id": "513116",
        "nimi": "Syväjärven talviuintipaikka",
        "kunta": "Kirkkonummi",
        "url": "https://lipas.fi/liikuntapaikat/513116",
        "maksullinen": "",
        "kertapääsy": "",
        "pukuhuone": "",
        "sauna": "",
        "huomio": "",
        "website": "https://kirkkonummi.fi/liikunta/ulkoilu-ja-virkistys/avantouintipaikat/",
        "website_source": "LIPAS www + sisältötarkistus",
        "website_checked_at": "2026-09-19",
        "lipas_url": "https://lipas.fi/liikuntapaikat/513116",
        "address": "Upinniementie 230, 02480 Kirkkonummi",
        "address_source": "",
        "address_checked_at": ""
      }
    },
    {
      "type": "Feature",
      "geometry": {
        "type": "Point",
        "coordinates": [
          29.8281,
          61.902
        ]
      },
      "properties": {
        "lipas_id": "529924",
        "nimi": "Hellaniemen talviuintipaikka",
        "kunta": "Kitee",
        "url": "https://lipas.fi/liikuntapaikat/529924",
        "maksullinen": "",
        "kertapääsy": "",
        "pukuhuone": "",
        "sauna": "",
        "huomio": "",
        "website": "https://www.kitee.fi/avantouintipaikat",
        "website_source": "LIPAS www + sisältötarkistus",
        "website_checked_at": "2026-09-19",
        "lipas_url": "https://lipas.fi/liikuntapaikat/529924",
        "address": "Hellaniementie 21, Kesälahti",
        "address_source": "",
        "address_checked_at": ""
      }
    },
    {
      "type": "Feature",
      "geometry": {
        "type": "Point",
        "coordinates": [
          29.9109,
          62.0961
        ]
      },
      "properties": {
        "lipas_id": "612002",
        "nimi": "Lastun saunan talviuintipaikka",
        "kunta": "Kitee",
        "url": "https://lipas.fi/liikuntapaikat/612002",
        "maksullinen": "",
        "kertapääsy": "",
        "pukuhuone": "",
        "sauna": "",
        "huomio": "",
        "website": "https://www.kitee.fi/avantouintipaikat",
        "website_source": "LIPAS www + sisältötarkistus",
        "website_checked_at": "2026-09-19",
        "lipas_url": "https://lipas.fi/liikuntapaikat/612002",
        "address": "",
        "address_source": "",
        "address_checked_at": ""
      }
    },
    {
      "type": "Feature",
      "geometry": {
        "type": "Point",
        "coordinates": [
          30.3109,
          62.0972
        ]
      },
      "properties": {
        "lipas_id": "529925",
        "nimi": "Rantapirtin talviuintipaikka",
        "kunta": "Kitee",
        "url": "https://lipas.fi/liikuntapaikat/529925",
        "maksullinen": "",
        "kertapääsy": "",
        "pukuhuone": "",
        "sauna": "",
        "huomio": "",
        "website": "https://www.kylapari.fi/",
        "website_source": "LIPAS www + sisältötarkistus",
        "website_checked_at": "2026-09-19",
        "lipas_url": "https://lipas.fi/liikuntapaikat/529925",
        "address": "Kantosyrjäntie 5, 82500 Kitee",
        "address_source": "https://lipas.fi/liikuntapaikka/529925",
        "address_checked_at": "2026-10-03"
      }
    },
    {
      "type": "Feature",
      "geometry": {
        "type": "Point",
        "coordinates": [
          24.8922,
          67.6707
        ]
      },
      "properties": {
        "lipas_id": "612346",
        "nimi": "Kittilän talviuintipaikka",
        "kunta": "Kittilä",
        "url": "https://lipas.fi/liikuntapaikat/612346",
        "maksullinen": "",
        "kertapääsy": "",
        "pukuhuone": "",
        "sauna": "",
        "huomio": "",
        "lipas_url": "https://lipas.fi/liikuntapaikat/612346",
        "address": "Lanssitie 5, Kittilä",
        "address_source": "",
        "address_checked_at": ""
      }
    },
    {
      "type": "Feature",
      "geometry": {
        "type": "Point",
        "coordinates": [
          24.7903,
          67.8027
        ]
      },
      "properties": {
        "lipas_id": "612344",
        "nimi": "Saunabaarin talviuintipaikka",
        "kunta": "Kittilä",
        "url": "https://lipas.fi/liikuntapaikat/612344",
        "maksullinen": "",
        "kertapääsy": "",
        "pukuhuone": "",
        "sauna": "",
        "huomio": "",
        "lipas_url": "https://lipas.fi/liikuntapaikat/612344",
        "address": "Immeltie 1, 99130 Sirkka",
        "address_source": "https://lipas.fi/liikuntapaikka/612344",
        "address_checked_at": "2026-10-03"
      }
    },
    {
      "type": "Feature",
      "geometry": {
        "type": "Point",
        "coordinates": [
          24.8636,
          67.8654
        ]
      },
      "properties": {
        "lipas_id": "612345",
        "nimi": "Tonttulan talviuintipaikka",
        "kunta": "Kittilä",
        "url": "https://lipas.fi/liikuntapaikat/612345",
        "maksullinen": "",
        "kertapääsy": "",
        "pukuhuone": "",
        "sauna": "",
        "huomio": "",
        "lipas_url": "https://lipas.fi/liikuntapaikat/612345",
        "address": "Palosaarentie 30, 99140 Köngäs",
        "address_source": "https://lipas.fi/liikuntapaikka/612345",
        "address_checked_at": "2026-10-03"
      }
    },
    {
      "type": "Feature",
      "geometry": {
        "type": "Point",
        "coordinates": [
          26.623,
          63.6592
        ]
      },
      "properties": {
        "lipas_id": "610536",
        "nimi": "Kiuruveden talviuintipaikka",
        "kunta": "Kiuruvesi",
        "url": "https://lipas.fi/liikuntapaikat/610536",
        "maksullinen": "",
        "kertapääsy": "",
        "pukuhuone": "",
        "sauna": "",
        "huomio": "",
        "lipas_url": "https://lipas.fi/liikuntapaikat/610536",
        "address": "Kuorevirrankatu 13",
        "address_source": "",
        "address_checked_at": ""
      }
    },
    {
      "type": "Feature",
      "geometry": {
        "type": "Point",
        "coordinates": [
          22.2703,
          61.2222
        ]
      },
      "properties": {
        "lipas_id": "517605",
        "nimi": "Pitkäjärven talviuintipaikka",
        "kunta": "Kokemäki",
        "url": "https://lipas.fi/liikuntapaikat/517605",
        "maksullinen": "",
        "kertapääsy": "",
        "pukuhuone": "",
        "sauna": "",
        "huomio": "",
        "website": "https://www.pitkajarvi.fi/",
        "website_source": "LIPAS www + sisältötarkistus",
        "website_checked_at": "2026-09-19",
        "lipas_url": "https://lipas.fi/liikuntapaikat/517605",
        "address": "Urheilutie 15, 32810 Peipohja",
        "address_source": "https://lipas.fi/liikuntapaikka/517605",
        "address_checked_at": "2026-10-03"
      }
    },
    {
      "type": "Feature",
      "geometry": {
        "type": "Point",
        "coordinates": [
          23.0075,
          63.8258
        ]
      },
      "properties": {
        "lipas_id": "517463",
        "nimi": "Palman talviuintipaikka",
        "kunta": "Kokkola",
        "url": "https://lipas.fi/liikuntapaikat/517463",
        "maksullinen": "",
        "kertapääsy": "",
        "pukuhuone": "",
        "sauna": "",
        "huomio": "",
        "website": "https://www.ykspihlajanreima.fi/avantouinti/",
        "website_source": "LIPAS www + sisältötarkistus",
        "website_checked_at": "2026-09-19",
        "lipas_url": "https://lipas.fi/liikuntapaikat/517463",
        "address": "Palmantie 80, 67800 Kokkola",
        "address_source": "https://lipas.fi/liikuntapaikka/517463",
        "address_checked_at": "2026-10-03"
      }
    },
    {
      "type": "Feature",
      "geometry": {
        "type": "Point",
        "coordinates": [
          23.1325,
          63.8452
        ]
      },
      "properties": {
        "lipas_id": "529926",
        "nimi": "VesiVeijarin talviuintiallas",
        "kunta": "Kokkola",
        "url": "https://lipas.fi/liikuntapaikat/529926",
        "maksullinen": "",
        "kertapääsy": "",
        "pukuhuone": "",
        "sauna": "",
        "huomio": "",
        "website": "https://www.kokkola.fi/vapaa-aika/liikunta/uintikeskus-vesiveijari/talviuinti/",
        "website_source": "LIPAS www + sisältötarkistus",
        "website_checked_at": "2026-09-19",
        "lipas_url": "https://lipas.fi/liikuntapaikat/529926",
        "address": "Kaarlelankatu 55, 67100 Kokkola",
        "address_source": "https://visitfinland.com/en/product/fbdcf101-3a78-47e0-a472-14d320f51582/swimming-centre-vesiveijari",
        "address_checked_at": "2026-10-03"
      }
    },
    {
      "type": "Feature",
      "geometry": {
        "type": "Point",
        "coordinates": [
          26.3443,
          62.6249
        ]
      },
      "properties": {
        "lipas_id": "618026",
        "nimi": "Häyrylän avantouintipaikka",
        "kunta": "Konnevesi",
        "url": "https://lipas.fi/liikuntapaikat/618026",
        "maksullinen": "",
        "kertapääsy": "",
        "pukuhuone": "",
        "sauna": "",
        "huomio": "",
        "website": "https://konnevesi.fi/vapaa-aika-ja-kulttuuri/vapaa-aika/ulkoliikuntapaikat/",
        "website_source": "LIPAS www + sisältötarkistus",
        "website_checked_at": "2026-09-19",
        "lipas_url": "https://lipas.fi/liikuntapaikat/618026",
        "address": "Satamatie 59, 44300 Konnevesi",
        "address_source": "https://lipas.fi/liikuntapaikka/618026",
        "address_checked_at": "2026-10-03"
      }
    },
    {
      "type": "Feature",
      "geometry": {
        "type": "Point",
        "coordinates": [
          29.7993,
          62.7441
        ]
      },
      "properties": {
        "lipas_id": "612349",
        "nimi": "Kontiolahden Avantouimarien talviuintipaikka",
        "kunta": "Kontiolahti",
        "url": "https://lipas.fi/liikuntapaikat/612349",
        "maksullinen": "",
        "kertapääsy": "",
        "pukuhuone": "",
        "sauna": "",
        "huomio": "",
        "lipas_url": "https://lipas.fi/liikuntapaikat/612349",
        "address": "Järvenlaskuntie 3, 80780 Kontioniemi",
        "address_source": "",
        "address_checked_at": ""
      }
    },
    {
      "type": "Feature",
      "geometry": {
        "type": "Point",
        "coordinates": [
          23.1381,
          60.6161
        ]
      },
      "properties": {
        "lipas_id": "513942",
        "nimi": "Liipolanjärven talviuintipaikka",
        "kunta": "Koski Tl",
        "url": "https://lipas.fi/liikuntapaikat/513942",
        "maksullinen": "",
        "kertapääsy": "",
        "pukuhuone": "",
        "sauna": "",
        "huomio": "",
        "website": "https://koski.fi/kunnan-uimaranta-ja-sauna/",
        "website_source": "LIPAS www + sisältötarkistus",
        "website_checked_at": "2026-09-19",
        "lipas_url": "https://lipas.fi/liikuntapaikat/513942",
        "address": "Järvenmaantie 71, 31500 Koski Tl",
        "address_source": "https://lipas.fi/liikuntapaikka/513942",
        "address_checked_at": "2026-10-03"
      }
    },
    {
      "type": "Feature",
      "geometry": {
        "type": "Point",
        "coordinates": [
          27.021,
          60.5254
        ]
      },
      "properties": {
        "lipas_id": "518384",
        "nimi": "Luovin leirikeskuksen avantouintipaikka",
        "kunta": "Kotka",
        "url": "https://lipas.fi/liikuntapaikat/518384",
        "maksullinen": "",
        "kertapääsy": "",
        "pukuhuone": "",
        "sauna": "",
        "huomio": "",
        "website": "https://www.kotka.fi/asioi-ja-osallistu/tilavaraus/leirialueet/luovi/",
        "website_source": "LIPAS www + sisältötarkistus",
        "website_checked_at": "2026-09-19",
        "lipas_url": "https://lipas.fi/liikuntapaikat/518384",
        "address": "Luovintie 130, 48810 Kotka",
        "address_source": "https://lipas.fi/liikuntapaikka/518384",
        "address_checked_at": "2026-10-03"
      }
    },
    {
      "type": "Feature",
      "geometry": {
        "type": "Point",
        "coordinates": [
          26.9512,
          60.4586
        ]
      },
      "properties": {
        "lipas_id": "614288",
        "nimi": "Marina Cafe Laituri / kylmävesiuinti",
        "kunta": "Kotka",
        "url": "https://lipas.fi/liikuntapaikat/614288",
        "maksullinen": "",
        "kertapääsy": "",
        "pukuhuone": "",
        "sauna": "",
        "huomio": "",
        "lipas_url": "https://lipas.fi/liikuntapaikat/614288",
        "address": "Meriniementie 1, 48130 Kotka",
        "address_source": "https://lipas.fi/liikuntapaikka/614288",
        "address_checked_at": "2026-10-03"
      }
    },
    {
      "type": "Feature",
      "geometry": {
        "type": "Point",
        "coordinates": [
          26.7726,
          60.7845
        ]
      },
      "properties": {
        "lipas_id": "513955",
        "nimi": "Kymijoen talviuintipaikka",
        "kunta": "Kouvola",
        "url": "https://lipas.fi/liikuntapaikat/513955",
        "maksullinen": "",
        "kertapääsy": "",
        "pukuhuone": "",
        "sauna": "",
        "huomio": "",
        "lipas_url": "https://lipas.fi/liikuntapaikat/513955",
        "address": "Kymenrannantie 4, 46800 Myllykoski",
        "address_source": "https://lipas.fi/liikuntapaikka/513955",
        "address_checked_at": "2026-10-03"
      }
    },
    {
      "type": "Feature",
      "geometry": {
        "type": "Point",
        "coordinates": [
          26.7614,
          60.8916
        ]
      },
      "properties": {
        "lipas_id": "529660",
        "nimi": "Tykkimäen Saunan talviuintipaikka",
        "kunta": "Kouvola",
        "url": "https://lipas.fi/liikuntapaikat/529660",
        "maksullinen": "",
        "kertapääsy": "",
        "pukuhuone": "",
        "sauna": "",
        "huomio": "",
        "website": "https://tykkimaensauna.fi/",
        "website_source": "LIPAS www + sisältötarkistus",
        "website_checked_at": "2026-09-19",
        "lipas_url": "https://lipas.fi/liikuntapaikat/529660",
        "address": "Lautarontie 3, 45200 Kouvola",
        "address_source": "https://lipas.fi/liikuntapaikka/529660",
        "address_checked_at": "2026-10-03"
      }
    },
    {
      "type": "Feature",
      "geometry": {
        "type": "Point",
        "coordinates": [
          26.8056,
          60.9411
        ]
      },
      "properties": {
        "lipas_id": "101027",
        "nimi": "Valkealan Likolammen talviuintipaikka",
        "kunta": "Kouvola",
        "url": "https://lipas.fi/liikuntapaikat/101027",
        "maksullinen": "",
        "kertapääsy": "",
        "pukuhuone": "",
        "sauna": "",
        "huomio": "",
        "website": "https://www.kouvola.fi/vapaa-aika/liikunta/liikuntapaikat/ulkoliikunta/uimarannat-ja-talviuintipaikat/",
        "website_source": "LIPAS www + sisältötarkistus",
        "website_checked_at": "2026-09-19",
        "lipas_url": "https://lipas.fi/liikuntapaikat/101027",
        "address": "Toikkalantie, Valkeala",
        "address_source": "",
        "address_checked_at": ""
      }
    },
    {
      "type": "Feature",
      "geometry": {
        "type": "Point",
        "coordinates": [
          21.3798,
          62.2543
        ]
      },
      "properties": {
        "lipas_id": "612350",
        "nimi": "Meriuimalan talviuintipaikka",
        "kunta": "Kristiinankaupunki",
        "url": "https://lipas.fi/liikuntapaikat/612350",
        "maksullinen": "",
        "kertapääsy": "",
        "pukuhuone": "",
        "sauna": "",
        "huomio": "",
        "lipas_url": "https://lipas.fi/liikuntapaikat/612350",
        "address": "Åndalsnesinkatu 11, 64100 Kristiinankaupunki",
        "address_source": "https://lipas.fi/liikuntapaikka/612350",
        "address_checked_at": "2026-10-03"
      }
    },
    {
      "type": "Feature",
      "geometry": {
        "type": "Point",
        "coordinates": [
          29.5208,
          64.1313
        ]
      },
      "properties": {
        "lipas_id": "513968",
        "nimi": "Ruukinrannan talviuintipaikka",
        "kunta": "Kuhmo",
        "url": "https://lipas.fi/liikuntapaikat/513968",
        "maksullinen": "",
        "kertapääsy": "",
        "pukuhuone": "",
        "sauna": "",
        "huomio": "",
        "lipas_url": "https://lipas.fi/liikuntapaikat/513968",
        "address": "Kainuuntie 82, 88900 Kuhmo",
        "address_source": "https://lipas.fi/liikuntapaikka/513968",
        "address_checked_at": "2026-10-03"
      }
    },
    {
      "type": "Feature",
      "geometry": {
        "type": "Point",
        "coordinates": [
          28.0781,
          63.2028
        ]
      },
      "properties": {
        "lipas_id": "516983",
        "nimi": "Kankaisen talviuintipaikka",
        "kunta": "Kuopio",
        "url": "https://lipas.fi/liikuntapaikat/516983",
        "maksullinen": "",
        "kertapääsy": "",
        "pukuhuone": "",
        "sauna": "",
        "huomio": "",
        "lipas_url": "https://lipas.fi/liikuntapaikat/516983",
        "address": "Kirkonmäentie 3, 73300 Nilsiä",
        "address_source": "",
        "address_checked_at": ""
      }
    },
    {
      "type": "Feature",
      "geometry": {
        "type": "Point",
        "coordinates": [
          27.6501,
          62.8298
        ]
      },
      "properties": {
        "lipas_id": "513978",
        "nimi": "Kirveslahden talviuimapaikka",
        "kunta": "Kuopio",
        "url": "https://lipas.fi/liikuntapaikat/513978",
        "maksullinen": "",
        "kertapääsy": "",
        "pukuhuone": "",
        "sauna": "",
        "huomio": "",
        "lipas_url": "https://lipas.fi/liikuntapaikat/513978",
        "address": "Pitkäsiima 29, 70820 Kuopio",
        "address_source": "https://lipas.fi/liikuntapaikka/513978",
        "address_checked_at": "2026-10-03"
      }
    },
    {
      "type": "Feature",
      "geometry": {
        "type": "Point",
        "coordinates": [
          27.6998,
          62.8856
        ]
      },
      "properties": {
        "lipas_id": "513977",
        "nimi": "Väinölänniemen talviuintipaikka",
        "kunta": "Kuopio",
        "url": "https://lipas.fi/liikuntapaikat/513977",
        "maksullinen": "",
        "kertapääsy": "",
        "pukuhuone": "",
        "sauna": "",
        "huomio": "",
        "lipas_url": "https://lipas.fi/liikuntapaikat/513977",
        "address": "Väinölänniemi 26, 70100 Kuopio",
        "address_source": "https://lipas.fi/liikuntapaikka/513977",
        "address_checked_at": "2026-10-03"
      }
    },
    {
      "type": "Feature",
      "geometry": {
        "type": "Point",
        "coordinates": [
          23.4828,
          62.8399
        ]
      },
      "properties": {
        "lipas_id": "516889",
        "nimi": "Ruonan Rinkirannan talviuintipaikka",
        "kunta": "Kuortane",
        "url": "https://lipas.fi/liikuntapaikat/516889",
        "maksullinen": "",
        "kertapääsy": "",
        "pukuhuone": "",
        "sauna": "",
        "huomio": "",
        "lipas_url": "https://lipas.fi/liikuntapaikat/516889",
        "address": "Niemiskyläntie 60",
        "address_source": "",
        "address_checked_at": ""
      }
    },
    {
      "type": "Feature",
      "geometry": {
        "type": "Point",
        "coordinates": [
          23.4086,
          62.8628
        ]
      },
      "properties": {
        "lipas_id": "513994",
        "nimi": "Salmen talviuintipaikka",
        "kunta": "Kuortane",
        "url": "https://lipas.fi/liikuntapaikat/513994",
        "maksullinen": "",
        "kertapääsy": "",
        "pukuhuone": "",
        "sauna": "",
        "huomio": "",
        "lipas_url": "https://lipas.fi/liikuntapaikat/513994",
        "address": "Salmentie 82",
        "address_source": "",
        "address_checked_at": ""
      }
    },
    {
      "type": "Feature",
      "geometry": {
        "type": "Point",
        "coordinates": [
          22.4543,
          62.6081
        ]
      },
      "properties": {
        "lipas_id": "522701",
        "nimi": "Ikarin avantouintipaikka",
        "kunta": "Kurikka",
        "url": "https://lipas.fi/liikuntapaikat/522701",
        "maksullinen": "",
        "kertapääsy": "",
        "pukuhuone": "",
        "sauna": "",
        "huomio": "",
        "lipas_url": "https://lipas.fi/liikuntapaikat/522701",
        "address": "Tampereentie 235, 61300 Kurikka",
        "address_source": "https://lipas.fi/liikuntapaikka/522701",
        "address_checked_at": "2026-10-03"
      }
    },
    {
      "type": "Feature",
      "geometry": {
        "type": "Point",
        "coordinates": [
          21.3417,
          60.5515
        ]
      },
      "properties": {
        "lipas_id": "610038",
        "nimi": "Klipunkarin talviuintipaikka",
        "kunta": "Kustavi",
        "url": "https://lipas.fi/liikuntapaikat/610038",
        "maksullinen": "",
        "kertapääsy": "",
        "pukuhuone": "",
        "sauna": "",
        "huomio": "",
        "website": "https://kustavi.fi/hyvinvointi/uimarannat/",
        "website_source": "LIPAS www + sisältötarkistus",
        "website_checked_at": "2026-09-19",
        "lipas_url": "https://lipas.fi/liikuntapaikat/610038",
        "address": "Klipunkarintie 38, 23360 Kustavi",
        "address_source": "https://lipas.fi/liikuntapaikka/610038",
        "address_checked_at": "2026-10-03"
      }
    },
    {
      "type": "Feature",
      "geometry": {
        "type": "Point",
        "coordinates": [
          29.1607,
          66.0022
        ]
      },
      "properties": {
        "lipas_id": "612351",
        "nimi": "Petäjälammen talviuintipaikka",
        "kunta": "Kuusamo",
        "url": "https://lipas.fi/liikuntapaikat/612351",
        "maksullinen": "",
        "kertapääsy": "",
        "pukuhuone": "",
        "sauna": "",
        "huomio": "",
        "lipas_url": "https://lipas.fi/liikuntapaikat/612351",
        "address": "Kylpyläkuja 2, 93600 Kuusamo",
        "address_source": "https://lipas.fi/liikuntapaikka/612351",
        "address_checked_at": "2026-10-03"
      }
    },
    {
      "type": "Feature",
      "geometry": {
        "type": "Point",
        "coordinates": [
          29.1347,
          66.1725
        ]
      },
      "properties": {
        "lipas_id": "612352",
        "nimi": "Rukatontun talviuintipaikka",
        "kunta": "Kuusamo",
        "url": "https://lipas.fi/liikuntapaikat/612352",
        "maksullinen": "",
        "kertapääsy": "",
        "pukuhuone": "",
        "sauna": "",
        "huomio": "",
        "website": "https://rukatonttu.fi/sauna/",
        "website_source": "LIPAS www + sisältötarkistus",
        "website_checked_at": "2026-09-19",
        "lipas_url": "https://lipas.fi/liikuntapaikat/612352",
        "address": "Hiihtostadionintie 1",
        "address_source": "",
        "address_checked_at": ""
      }
    },
    {
      "type": "Feature",
      "geometry": {
        "type": "Point",
        "coordinates": [
          24.603,
          63.0444
        ]
      },
      "properties": {
        "lipas_id": "612356",
        "nimi": "Kalliorannan talviuintipaikka",
        "kunta": "Kyyjärvi",
        "url": "https://lipas.fi/liikuntapaikat/612356",
        "maksullinen": "",
        "kertapääsy": "",
        "pukuhuone": "",
        "sauna": "",
        "huomio": "",
        "lipas_url": "https://lipas.fi/liikuntapaikat/612356",
        "address": "Kalliorannantie 82, Kyyjärvi",
        "address_source": "",
        "address_checked_at": ""
      }
    },
    {
      "type": "Feature",
      "geometry": {
        "type": "Point",
        "coordinates": [
          25.1493,
          60.8925
        ]
      },
      "properties": {
        "lipas_id": "516817",
        "nimi": "Kalliopirtin avantouintipaikka",
        "kunta": "Kärkölä",
        "url": "https://lipas.fi/liikuntapaikat/516817",
        "maksullinen": "",
        "kertapääsy": "",
        "pukuhuone": "",
        "sauna": "",
        "huomio": "",
        "lipas_url": "https://lipas.fi/liikuntapaikat/516817",
        "address": "Kalliopirtintie 20, 16610 Kärkölä",
        "address_source": "https://lipas.fi/liikuntapaikka/516817",
        "address_checked_at": "2026-10-03"
      }
    },
    {
      "type": "Feature",
      "geometry": {
        "type": "Point",
        "coordinates": [
          25.6432,
          61.0143
        ]
      },
      "properties": {
        "lipas_id": "514020",
        "nimi": "Mukkulan talviuintipaikka",
        "kunta": "Lahti",
        "url": "https://lipas.fi/liikuntapaikat/514020",
        "maksullinen": "",
        "kertapääsy": "",
        "pukuhuone": "",
        "sauna": "",
        "huomio": "",
        "website": "https://www.lahdenavantouimarit.fi/",
        "website_source": "LIPAS www + sisältötarkistus",
        "website_checked_at": "2026-09-19",
        "lipas_url": "https://lipas.fi/liikuntapaikat/514020",
        "address": "Niemenkatu 30, Lahti",
        "address_source": "",
        "address_checked_at": ""
      }
    },
    {
      "type": "Feature",
      "geometry": {
        "type": "Point",
        "coordinates": [
          25.6146,
          60.9943
        ]
      },
      "properties": {
        "lipas_id": "611843",
        "nimi": "Myllysaaren talviuinti",
        "kunta": "Lahti",
        "url": "https://lipas.fi/liikuntapaikat/611843",
        "maksullinen": "",
        "kertapääsy": "",
        "pukuhuone": "",
        "sauna": "",
        "huomio": "",
        "website": "https://lahtisail.fi/myllysaari/aktiviteetit/",
        "website_source": "LIPAS www + sisältötarkistus",
        "website_checked_at": "2026-09-19",
        "lipas_url": "https://lipas.fi/liikuntapaikat/611843",
        "address": "Myllysaarenkatu 12, Lahti",
        "address_source": "",
        "address_checked_at": ""
      }
    },
    {
      "type": "Feature",
      "geometry": {
        "type": "Point",
        "coordinates": [
          25.6373,
          60.979
        ]
      },
      "properties": {
        "lipas_id": "514014",
        "nimi": "Mytäjäisten talviuintipaikka",
        "kunta": "Lahti",
        "url": "https://lipas.fi/liikuntapaikat/514014",
        "maksullinen": "",
        "kertapääsy": "",
        "pukuhuone": "",
        "sauna": "",
        "huomio": "",
        "lipas_url": "https://lipas.fi/liikuntapaikat/514014",
        "address": "Väinönkatu 16, Lahti",
        "address_source": "",
        "address_checked_at": ""
      }
    },
    {
      "type": "Feature",
      "geometry": {
        "type": "Point",
        "coordinates": [
          25.6918,
          60.9798
        ]
      },
      "properties": {
        "lipas_id": "514011",
        "nimi": "Möysän talviuintipaikka",
        "kunta": "Lahti",
        "url": "https://lipas.fi/liikuntapaikat/514011",
        "maksullinen": "",
        "kertapääsy": "",
        "pukuhuone": "",
        "sauna": "",
        "huomio": "",
        "website": "https://www.lahdenavantouimarit.fi/",
        "website_source": "LIPAS www + sisältötarkistus",
        "website_checked_at": "2026-09-19",
        "lipas_url": "https://lipas.fi/liikuntapaikat/514011",
        "address": "Uimarannankatu 2, Lahti",
        "address_source": "",
        "address_checked_at": ""
      }
    },
    {
      "type": "Feature",
      "geometry": {
        "type": "Point",
        "coordinates": [
          21.7425,
          60.9924
        ]
      },
      "properties": {
        "lipas_id": "516584",
        "nimi": "Mustajärven talviuintipaikka",
        "kunta": "Laitila",
        "url": "https://lipas.fi/liikuntapaikat/516584",
        "maksullinen": "",
        "kertapääsy": "",
        "pukuhuone": "",
        "sauna": "",
        "huomio": "",
        "lipas_url": "https://lipas.fi/liikuntapaikat/516584",
        "address": "Padontie 822, 23800 Laitila",
        "address_source": "https://lipas.fi/liikuntapaikka/516584",
        "address_checked_at": "2026-10-03"
      }
    },
    {
      "type": "Feature",
      "geometry": {
        "type": "Point",
        "coordinates": [
          21.571,
          60.876
        ]
      },
      "properties": {
        "lipas_id": "516585",
        "nimi": "Särkijärven talviuintipaikka",
        "kunta": "Laitila",
        "url": "https://lipas.fi/liikuntapaikat/516585",
        "maksullinen": "",
        "kertapääsy": "",
        "pukuhuone": "",
        "sauna": "",
        "huomio": "",
        "lipas_url": "https://lipas.fi/liikuntapaikat/516585",
        "address": "Särkijärventie 136, 23800 Laitila",
        "address_source": "https://lipas.fi/liikuntapaikka/516585",
        "address_checked_at": "2026-10-03"
      }
    },
    {
      "type": "Feature",
      "geometry": {
        "type": "Point",
        "coordinates": [
          23.6448,
          63.2491
        ]
      },
      "properties": {
        "lipas_id": "609587",
        "nimi": "Talviuinti Aquarius INN",
        "kunta": "Lappajärvi",
        "url": "https://lipas.fi/liikuntapaikat/609587",
        "maksullinen": "",
        "kertapääsy": "",
        "pukuhuone": "",
        "sauna": "",
        "huomio": "",
        "website": "https://lappajarvi.fi/kulttuuri-ja-vapaa-aika/liikunta/",
        "website_source": "LIPAS www + sisältötarkistus",
        "website_checked_at": "2026-09-19",
        "lipas_url": "https://lipas.fi/liikuntapaikat/609587",
        "address": "Nykäläntie 137, 62600 Lappajärvi",
        "address_source": "https://lipas.fi/liikuntapaikka/609587",
        "address_checked_at": "2026-10-03"
      }
    },
    {
      "type": "Feature",
      "geometry": {
        "type": "Point",
        "coordinates": [
          23.5658,
          63.1932
        ]
      },
      "properties": {
        "lipas_id": "516581",
        "nimi": "Tarvolan talviuintipaikka",
        "kunta": "Lappajärvi",
        "url": "https://lipas.fi/liikuntapaikat/516581",
        "maksullinen": "",
        "kertapääsy": "",
        "pukuhuone": "",
        "sauna": "",
        "huomio": "",
        "website": "https://lappajarvi.fi/kulttuuri-ja-vapaa-aika/liikunta/",
        "website_source": "LIPAS www + sisältötarkistus",
        "website_checked_at": "2026-09-19",
        "lipas_url": "https://lipas.fi/liikuntapaikat/516581",
        "address": "Länsirannantie 290, 62610 Tarvola",
        "address_source": "https://lipas.fi/liikuntapaikka/516581",
        "address_checked_at": "2026-10-03"
      }
    },
    {
      "type": "Feature",
      "geometry": {
        "type": "Point",
        "coordinates": [
          28.46,
          61.1217
        ]
      },
      "properties": {
        "lipas_id": "516356",
        "nimi": "Ahvenlammen talviuintipaikka",
        "kunta": "Lappeenranta",
        "url": "https://lipas.fi/liikuntapaikat/516356",
        "maksullinen": "",
        "kertapääsy": "",
        "pukuhuone": "",
        "sauna": "",
        "huomio": "",
        "lipas_url": "https://lipas.fi/liikuntapaikat/516356",
        "address": "Steniuksenkuja 4, 54120 Pulp",
        "address_source": "https://lipas.fi/liikuntapaikka/516356",
        "address_checked_at": "2026-10-03"
      }
    },
    {
      "type": "Feature",
      "geometry": {
        "type": "Point",
        "coordinates": [
          28.1986,
          61.0689
        ]
      },
      "properties": {
        "lipas_id": "516344",
        "nimi": "Myllysaaren saunan avantouintipaikka",
        "kunta": "Lappeenranta",
        "url": "https://lipas.fi/liikuntapaikat/516344",
        "maksullinen": "",
        "kertapääsy": "",
        "pukuhuone": "",
        "sauna": "",
        "huomio": "",
        "lipas_url": "https://lipas.fi/liikuntapaikat/516344",
        "address": "Myllysaarenpolku 45, 53100 Lappeenranta",
        "address_source": "",
        "address_checked_at": ""
      }
    },
    {
      "type": "Feature",
      "geometry": {
        "type": "Point",
        "coordinates": [
          28.1987,
          61.0682
        ]
      },
      "properties": {
        "lipas_id": "516343",
        "nimi": "Myllysaaren uimalan avantouintipaikka",
        "kunta": "Lappeenranta",
        "url": "https://lipas.fi/liikuntapaikat/516343",
        "maksullinen": "",
        "kertapääsy": "",
        "pukuhuone": "",
        "sauna": "",
        "huomio": "",
        "lipas_url": "https://lipas.fi/liikuntapaikat/516343",
        "address": "Myllysaarenpolku 34, 53100 Lappeenranta",
        "address_source": "https://lipas.fi/liikuntapaikka/516343",
        "address_checked_at": "2026-10-03"
      }
    },
    {
      "type": "Feature",
      "geometry": {
        "type": "Point",
        "coordinates": [
          23.44,
          63.0269
        ]
      },
      "properties": {
        "lipas_id": "614505",
        "nimi": "Rantapuiston talviuintipaikka",
        "kunta": "Lapua",
        "url": "https://lipas.fi/liikuntapaikat/614505",
        "maksullinen": "",
        "kertapääsy": "",
        "pukuhuone": "",
        "sauna": "",
        "huomio": "",
        "lipas_url": "https://lipas.fi/liikuntapaikat/614505",
        "address": "Kauhajärventie 229, 62295 Lapua",
        "address_source": "https://lipas.fi/liikuntapaikka/614505",
        "address_checked_at": "2026-10-03"
      }
    },
    {
      "type": "Feature",
      "geometry": {
        "type": "Point",
        "coordinates": [
          22.9744,
          62.9635
        ]
      },
      "properties": {
        "lipas_id": "602082",
        "nimi": "Simpsiön hiihtomajan talviuintipaikka",
        "kunta": "Lapua",
        "url": "https://lipas.fi/liikuntapaikat/602082",
        "maksullinen": "",
        "kertapääsy": "",
        "pukuhuone": "",
        "sauna": "",
        "huomio": "",
        "lipas_url": "https://lipas.fi/liikuntapaikat/602082",
        "address": "Urheilumajantie 28, Lapua",
        "address_source": "",
        "address_checked_at": ""
      }
    },
    {
      "type": "Feature",
      "geometry": {
        "type": "Point",
        "coordinates": [
          26.1991,
          62.2644
        ]
      },
      "properties": {
        "lipas_id": "617765",
        "nimi": "Kuilunpolun talviuintipaikka",
        "kunta": "Laukaa",
        "url": "https://lipas.fi/liikuntapaikat/617765",
        "maksullinen": "",
        "kertapääsy": "",
        "pukuhuone": "",
        "sauna": "",
        "huomio": "",
        "lipas_url": "https://lipas.fi/liikuntapaikat/617765",
        "address": "Kuilunpolku, 41400 Lievestuore",
        "address_source": "https://lipas.fi/liikuntapaikka/617765",
        "address_checked_at": "2026-10-03"
      }
    },
    {
      "type": "Feature",
      "geometry": {
        "type": "Point",
        "coordinates": [
          25.9622,
          62.4112
        ]
      },
      "properties": {
        "lipas_id": "518387",
        "nimi": "Laukaan sataman talviuintipaikka",
        "kunta": "Laukaa",
        "url": "https://lipas.fi/liikuntapaikat/518387",
        "maksullinen": "",
        "kertapääsy": "",
        "pukuhuone": "",
        "sauna": "",
        "huomio": "",
        "lipas_url": "https://lipas.fi/liikuntapaikat/518387",
        "address": "Satamatie 3, 41340 Laukaa",
        "address_source": "https://lipas.fi/liikuntapaikka/518387",
        "address_checked_at": "2026-10-03"
      }
    },
    {
      "type": "Feature",
      "geometry": {
        "type": "Point",
        "coordinates": [
          27.6613,
          61.0147
        ]
      },
      "properties": {
        "lipas_id": "516182",
        "nimi": "Kotalahden avantouintipaikka",
        "kunta": "Lemi",
        "url": "https://lipas.fi/liikuntapaikat/516182",
        "maksullinen": "",
        "kertapääsy": "",
        "pukuhuone": "",
        "sauna": "",
        "huomio": "",
        "lipas_url": "https://lipas.fi/liikuntapaikat/516182",
        "address": "Kotalahdentie 136a, 54710 Lemi",
        "address_source": "https://lipas.fi/liikuntapaikka/516182",
        "address_checked_at": "2026-10-03"
      }
    },
    {
      "type": "Feature",
      "geometry": {
        "type": "Point",
        "coordinates": [
          23.743,
          61.3255
        ]
      },
      "properties": {
        "lipas_id": "516677",
        "nimi": "Lempoisten talviuintipaikka",
        "kunta": "Lempäälä",
        "url": "https://lipas.fi/liikuntapaikat/516677",
        "maksullinen": "",
        "kertapääsy": "",
        "pukuhuone": "",
        "sauna": "",
        "huomio": "",
        "website": "https://www.lempaala.fi/hyvinvointi-ja-vapaa-aika/liikunta-ja-ulkoilu/liikuntapaikat/ulkoliikunta-ja-ulkoilu/uimarannat-saunat-ja-talviuinti/lempoisten-uimala-ja-avanto/",
        "website_source": "LIPAS www + sisältötarkistus",
        "website_checked_at": "2026-09-19",
        "lipas_url": "https://lipas.fi/liikuntapaikat/516677",
        "address": "Nokkatie 5A, 37500 Lempäälä",
        "address_source": "https://lipas.fi/liikuntapaikka/516677",
        "address_checked_at": "2026-10-03"
      }
    },
    {
      "type": "Feature",
      "geometry": {
        "type": "Point",
        "coordinates": [
          23.8003,
          61.3936
        ]
      },
      "properties": {
        "lipas_id": "612197",
        "nimi": "Rantalan talviuintipaikka",
        "kunta": "Lempäälä",
        "url": "https://lipas.fi/liikuntapaikat/612197",
        "maksullinen": "",
        "kertapääsy": "",
        "pukuhuone": "",
        "sauna": "",
        "huomio": "",
        "lipas_url": "https://lipas.fi/liikuntapaikat/612197",
        "address": "Ruodasjärventie 50, 37560 Lempäälä",
        "address_source": "https://lipas.fi/liikuntapaikka/612197",
        "address_checked_at": "2026-10-03"
      }
    },
    {
      "type": "Feature",
      "geometry": {
        "type": "Point",
        "coordinates": [
          27.7733,
          62.4882
        ]
      },
      "properties": {
        "lipas_id": "524421",
        "nimi": "Kalmalahden talviuintipaikka",
        "kunta": "Leppävirta",
        "url": "https://lipas.fi/liikuntapaikat/524421",
        "maksullinen": "",
        "kertapääsy": "",
        "pukuhuone": "",
        "sauna": "",
        "huomio": "",
        "lipas_url": "https://lipas.fi/liikuntapaikat/524421",
        "address": "Tukkitie, 79100 Leppävirta",
        "address_source": "https://lipas.fi/liikuntapaikka/524421",
        "address_checked_at": "2026-10-03"
      }
    },
    {
      "type": "Feature",
      "geometry": {
        "type": "Point",
        "coordinates": [
          27.6711,
          62.449
        ]
      },
      "properties": {
        "lipas_id": "524420",
        "nimi": "Sorsakosken talviuintipaikka",
        "kunta": "Leppävirta",
        "url": "https://lipas.fi/liikuntapaikat/524420",
        "maksullinen": "",
        "kertapääsy": "",
        "pukuhuone": "",
        "sauna": "",
        "huomio": "",
        "lipas_url": "https://lipas.fi/liikuntapaikat/524420",
        "address": "Kanavatie, 79130 Sorsakoski",
        "address_source": "https://lipas.fi/liikuntapaikka/524420",
        "address_checked_at": "2026-10-03"
      }
    },
    {
      "type": "Feature",
      "geometry": {
        "type": "Point",
        "coordinates": [
          24.668,
          63.5274
        ]
      },
      "properties": {
        "lipas_id": "612357",
        "nimi": "Lestijärven kirkonkylän talviuintipaikka",
        "kunta": "Lestijärvi",
        "url": "https://lipas.fi/liikuntapaikat/612357",
        "maksullinen": "",
        "kertapääsy": "",
        "pukuhuone": "",
        "sauna": "",
        "huomio": "",
        "lipas_url": "https://lipas.fi/liikuntapaikat/612357",
        "address": "Rantatie, 69440 Lestijärvi",
        "address_source": "https://lipas.fi/liikuntapaikka/612357",
        "address_checked_at": "2026-10-03"
      }
    },
    {
      "type": "Feature",
      "geometry": {
        "type": "Point",
        "coordinates": [
          30.0335,
          63.3237
        ]
      },
      "properties": {
        "lipas_id": "516511",
        "nimi": "Urheilupuiston uimalan talviuintipaikka",
        "kunta": "Lieksa",
        "url": "https://lipas.fi/liikuntapaikat/516511",
        "maksullinen": "",
        "kertapääsy": "",
        "pukuhuone": "",
        "sauna": "",
        "huomio": "",
        "lipas_url": "https://lipas.fi/liikuntapaikat/516511",
        "address": "Urheilukatu, 81700 Lieksa",
        "address_source": "https://lipas.fi/liikuntapaikka/516511",
        "address_checked_at": "2026-10-03"
      }
    },
    {
      "type": "Feature",
      "geometry": {
        "type": "Point",
        "coordinates": [
          22.3895,
          60.4582
        ]
      },
      "properties": {
        "lipas_id": "514106",
        "nimi": "Villa Järvelä / Järvelän avanto",
        "kunta": "Lieto",
        "url": "https://lipas.fi/liikuntapaikat/514106",
        "maksullinen": "",
        "kertapääsy": "",
        "pukuhuone": "",
        "sauna": "",
        "huomio": "",
        "lipas_url": "https://lipas.fi/liikuntapaikat/514106",
        "address": "Järveläntie 133, 20660 Littoinen",
        "address_source": "https://lipas.fi/liikuntapaikka/514106",
        "address_checked_at": "2026-10-03"
      }
    },
    {
      "type": "Feature",
      "geometry": {
        "type": "Point",
        "coordinates": [
          25.3446,
          64.8075
        ]
      },
      "properties": {
        "lipas_id": "612359",
        "nimi": "Rantakylän talviuintipaikka",
        "kunta": "Liminka",
        "url": "https://lipas.fi/liikuntapaikat/612359",
        "maksullinen": "",
        "kertapääsy": "",
        "pukuhuone": "",
        "sauna": "",
        "huomio": "",
        "website": "https://www.liminka.fi/kulttuuri-ja-vapaa-aika/liikuntapalvelut/ulkoliikuntapaikat/",
        "website_source": "LIPAS www + sisältötarkistus",
        "website_checked_at": "2026-09-19",
        "lipas_url": "https://lipas.fi/liikuntapaikat/612359",
        "address": "Monttutie 4, 91900 Liminka",
        "address_source": "https://lipas.fi/liikuntapaikka/612359",
        "address_checked_at": "2026-10-03"
      }
    },
    {
      "type": "Feature",
      "geometry": {
        "type": "Point",
        "coordinates": [
          29.3883,
          62.5269
        ]
      },
      "properties": {
        "lipas_id": "612360",
        "nimi": "Makasiininrannan talviuintipaikka",
        "kunta": "Liperi",
        "url": "https://lipas.fi/liikuntapaikat/612360",
        "maksullinen": "",
        "kertapääsy": "",
        "pukuhuone": "",
        "sauna": "",
        "huomio": "",
        "lipas_url": "https://lipas.fi/liikuntapaikat/612360",
        "address": "Heinävedentie 1, 83100 Liperi",
        "address_source": "https://lipas.fi/liikuntapaikka/612360",
        "address_checked_at": "2026-10-03"
      }
    },
    {
      "type": "Feature",
      "geometry": {
        "type": "Point",
        "coordinates": [
          24.0304,
          60.2438
        ]
      },
      "properties": {
        "lipas_id": "98536",
        "nimi": "Haikarin avantouintipaikka ja yleinen sauna",
        "kunta": "Lohja",
        "url": "https://lipas.fi/liikuntapaikat/98536",
        "maksullinen": "",
        "kertapääsy": "",
        "pukuhuone": "",
        "sauna": "",
        "huomio": "",
        "website": "https://www.lohjanliikuntakeskus.fi/liikuntapaikat/haikarin-sauna/",
        "website_source": "LIPAS www + sisältötarkistus",
        "website_checked_at": "2026-09-19",
        "lipas_url": "https://lipas.fi/liikuntapaikat/98536",
        "address": "Haikarinkatu 17, Lohja",
        "address_source": "",
        "address_checked_at": ""
      }
    },
    {
      "type": "Feature",
      "geometry": {
        "type": "Point",
        "coordinates": [
          24.0426,
          60.3242
        ]
      },
      "properties": {
        "lipas_id": "510481",
        "nimi": "Kisakallion talviuintipaikka",
        "kunta": "Lohja",
        "url": "https://lipas.fi/liikuntapaikat/510481",
        "maksullinen": "",
        "kertapääsy": "",
        "pukuhuone": "",
        "sauna": "",
        "huomio": "",
        "lipas_url": "https://lipas.fi/liikuntapaikat/510481",
        "address": "Kisakalliontie 284, 08360 Lohja",
        "address_source": "https://lipas.fi/liikuntapaikka/510481",
        "address_checked_at": "2026-10-03"
      }
    },
    {
      "type": "Feature",
      "geometry": {
        "type": "Point",
        "coordinates": [
          24.2061,
          60.2994
        ]
      },
      "properties": {
        "lipas_id": "612200",
        "nimi": "Nälköönlammen talviuintipaikka",
        "kunta": "Lohja",
        "url": "https://lipas.fi/liikuntapaikat/612200",
        "maksullinen": "",
        "kertapääsy": "",
        "pukuhuone": "",
        "sauna": "",
        "huomio": "",
        "website": "https://www.lohjanliikuntakeskus.fi/lohjan-liikuntakeskus-oy/yhteistyotahot/avanto-ja-talviuintimahdollisuudet-lohjalla/",
        "website_source": "LIPAS www + sisältötarkistus",
        "website_checked_at": "2026-09-19",
        "lipas_url": "https://lipas.fi/liikuntapaikat/612200",
        "address": "Nälköönlampi, 08680 Muijala",
        "address_source": "https://lipas.fi/liikuntapaikka/612200",
        "address_checked_at": "2026-10-03"
      }
    },
    {
      "type": "Feature",
      "geometry": {
        "type": "Point",
        "coordinates": [
          24.0582,
          60.2672
        ]
      },
      "properties": {
        "lipas_id": "612199",
        "nimi": "Roution talviuintipaikka",
        "kunta": "Lohja",
        "url": "https://lipas.fi/liikuntapaikat/612199",
        "maksullinen": "",
        "kertapääsy": "",
        "pukuhuone": "",
        "sauna": "",
        "huomio": "",
        "website": "https://www.lohjanliikuntakeskus.fi/lohjan-liikuntakeskus-oy/yhteistyotahot/avanto-ja-talviuintimahdollisuudet-lohjalla/",
        "website_source": "LIPAS www + sisältötarkistus",
        "website_checked_at": "2026-09-19",
        "lipas_url": "https://lipas.fi/liikuntapaikat/612199",
        "address": "Karstuntie 72, Lohja",
        "address_source": "",
        "address_checked_at": ""
      }
    },
    {
      "type": "Feature",
      "geometry": {
        "type": "Point",
        "coordinates": [
          22.8573,
          60.7981
        ]
      },
      "properties": {
        "lipas_id": "514134",
        "nimi": "Pappisten talviuintipaikka",
        "kunta": "Loimaa",
        "url": "https://lipas.fi/liikuntapaikat/514134",
        "maksullinen": "",
        "kertapääsy": "",
        "pukuhuone": "",
        "sauna": "",
        "huomio": "",
        "lipas_url": "https://lipas.fi/liikuntapaikat/514134",
        "address": "Pappistenjärventie 42, 32300 Loimaa",
        "address_source": "",
        "address_checked_at": ""
      }
    },
    {
      "type": "Feature",
      "geometry": {
        "type": "Point",
        "coordinates": [
          24.1223,
          60.7501
        ]
      },
      "properties": {
        "lipas_id": "518382",
        "nimi": "Räyskälän talviuintipaikka",
        "kunta": "Loppi",
        "url": "https://lipas.fi/liikuntapaikat/518382",
        "maksullinen": "",
        "kertapääsy": "",
        "pukuhuone": "",
        "sauna": "",
        "huomio": "",
        "website": "https://www.rayskala.fi/palvelut/talviuinti-avantouinti/",
        "website_source": "LIPAS www + sisältötarkistus",
        "website_checked_at": "2026-09-19",
        "lipas_url": "https://lipas.fi/liikuntapaikat/518382",
        "address": "Räyskäläntie 311, 12820 Räyskälä",
        "address_source": "https://lipas.fi/liikuntapaikka/518382",
        "address_checked_at": "2026-10-03"
      }
    },
    {
      "type": "Feature",
      "geometry": {
        "type": "Point",
        "coordinates": [
          26.2384,
          60.444
        ]
      },
      "properties": {
        "lipas_id": "514138",
        "nimi": "Plagenin talviuintipaikka",
        "kunta": "Loviisa",
        "url": "https://lipas.fi/liikuntapaikat/514138",
        "maksullinen": "",
        "kertapääsy": "",
        "pukuhuone": "",
        "sauna": "",
        "huomio": "",
        "lipas_url": "https://lipas.fi/liikuntapaikat/514138",
        "address": "Kapteenintie, 07920 Loviisa",
        "address_source": "https://lipas.fi/liikuntapaikka/514138",
        "address_checked_at": "2026-10-03"
      }
    },
    {
      "type": "Feature",
      "geometry": {
        "type": "Point",
        "coordinates": [
          25.8325,
          61.8363
        ]
      },
      "properties": {
        "lipas_id": "514143",
        "nimi": "Tammijärven talviuintipaikka",
        "kunta": "Luhanka",
        "url": "https://lipas.fi/liikuntapaikat/514143",
        "maksullinen": "",
        "kertapääsy": "",
        "pukuhuone": "",
        "sauna": "",
        "huomio": "",
        "lipas_url": "https://lipas.fi/liikuntapaikat/514143",
        "address": "Tammijärventie 316, 19910 Tammijärvi",
        "address_source": "https://lipas.fi/liikuntapaikka/514143",
        "address_checked_at": "2026-10-03"
      }
    },
    {
      "type": "Feature",
      "geometry": {
        "type": "Point",
        "coordinates": [
          19.9513,
          60.0965
        ]
      },
      "properties": {
        "lipas_id": "516680",
        "nimi": "Lilla holmenin talviuintipaikka",
        "kunta": "Maarianhamina - Mariehamn",
        "url": "https://lipas.fi/liikuntapaikat/516680",
        "maksullinen": "",
        "kertapääsy": "",
        "pukuhuone": "",
        "sauna": "",
        "huomio": "",
        "website": "https://www.mariehamn.ax/idrott-och-fritid/motion-och-friluftsliv/badplatser-och-sandstrander",
        "website_source": "LIPAS www + sisältötarkistus",
        "website_checked_at": "2026-09-19",
        "lipas_url": "https://lipas.fi/liikuntapaikat/516680",
        "address": "Österleden, 22100 Maarianhamina",
        "address_source": "https://lipas.fi/liikuntapaikka/516680",
        "address_checked_at": "2026-10-03"
      }
    },
    {
      "type": "Feature",
      "geometry": {
        "type": "Point",
        "coordinates": [
          22.9744,
          60.5752
        ]
      },
      "properties": {
        "lipas_id": "514157",
        "nimi": "Palaisten talviuintipaikka",
        "kunta": "Marttila",
        "url": "https://lipas.fi/liikuntapaikat/514157",
        "maksullinen": "",
        "kertapääsy": "",
        "pukuhuone": "",
        "sauna": "",
        "huomio": "",
        "lipas_url": "https://lipas.fi/liikuntapaikat/514157",
        "address": "Palaistentie, 21490 Marttila",
        "address_source": "https://lipas.fi/liikuntapaikka/514157",
        "address_checked_at": "2026-10-03"
      }
    },
    {
      "type": "Feature",
      "geometry": {
        "type": "Point",
        "coordinates": [
          22.118,
          60.5516
        ]
      },
      "properties": {
        "lipas_id": "612363",
        "nimi": "Saunaparonin talviuintipaikka / Maskun Jääkarhut ry",
        "kunta": "Masku",
        "url": "https://lipas.fi/liikuntapaikat/612363",
        "maksullinen": "",
        "kertapääsy": "",
        "pukuhuone": "",
        "sauna": "",
        "huomio": "",
        "website": "https://www.maskunjaakarhut.fi/",
        "website_source": "LIPAS www + sisältötarkistus",
        "website_checked_at": "2026-09-19",
        "lipas_url": "https://lipas.fi/liikuntapaikat/612363",
        "address": "Maskuntie 248, 21250 Masku",
        "address_source": "",
        "address_checked_at": ""
      }
    },
    {
      "type": "Feature",
      "geometry": {
        "type": "Point",
        "coordinates": [
          21.4679,
          61.8485
        ]
      },
      "properties": {
        "lipas_id": "515813",
        "nimi": "Merrycampingin avantouintipaikka",
        "kunta": "Merikarvia",
        "url": "https://lipas.fi/liikuntapaikat/515813",
        "maksullinen": "",
        "kertapääsy": "",
        "pukuhuone": "",
        "sauna": "",
        "huomio": "",
        "website": "https://merikarvia.fi/vapaa-aika-ja-hyvinvointi/ulkoilu/ulkoliikuntapaikat/",
        "website_source": "LIPAS www + sisältötarkistus",
        "website_checked_at": "2026-09-19",
        "lipas_url": "https://lipas.fi/liikuntapaikat/515813",
        "address": "Palosaarentie 67, 29900 Merikarvia",
        "address_source": "https://lipas.fi/liikuntapaikka/515813",
        "address_checked_at": "2026-10-03"
      }
    },
    {
      "type": "Feature",
      "geometry": {
        "type": "Point",
        "coordinates": [
          27.684,
          60.6815
        ]
      },
      "properties": {
        "lipas_id": "516653",
        "nimi": "Myllylammen talviuintipaikka, Kiiston maja",
        "kunta": "Miehikkälä",
        "url": "https://lipas.fi/liikuntapaikat/516653",
        "maksullinen": "",
        "kertapääsy": "",
        "pukuhuone": "",
        "sauna": "",
        "huomio": "",
        "lipas_url": "https://lipas.fi/liikuntapaikat/516653",
        "address": "Tanssilavantie 40, 49700 Miehikkälä",
        "address_source": "",
        "address_checked_at": ""
      }
    },
    {
      "type": "Feature",
      "geometry": {
        "type": "Point",
        "coordinates": [
          27.1964,
          62.0168
        ]
      },
      "properties": {
        "lipas_id": "612201",
        "nimi": "Haukivuoren sataman talviuintipaikka",
        "kunta": "Mikkeli",
        "url": "https://lipas.fi/liikuntapaikat/612201",
        "maksullinen": "",
        "kertapääsy": "",
        "pukuhuone": "",
        "sauna": "",
        "huomio": "",
        "lipas_url": "https://lipas.fi/liikuntapaikat/612201",
        "address": "Kyyvedentie 6, 51600 Haukivuori",
        "address_source": "https://lipas.fi/liikuntapaikka/612201",
        "address_checked_at": "2026-10-03"
      }
    },
    {
      "type": "Feature",
      "geometry": {
        "type": "Point",
        "coordinates": [
          27.2705,
          61.667
        ]
      },
      "properties": {
        "lipas_id": "514169",
        "nimi": "Laajalammen talviuintipaikka",
        "kunta": "Mikkeli",
        "url": "https://lipas.fi/liikuntapaikat/514169",
        "maksullinen": "",
        "kertapääsy": "",
        "pukuhuone": "",
        "sauna": "",
        "huomio": "",
        "lipas_url": "https://lipas.fi/liikuntapaikat/514169",
        "address": "Laajalammintie 18, 50160 Mikkeli",
        "address_source": "https://lipas.fi/liikuntapaikka/514169",
        "address_checked_at": "2026-10-03"
      }
    },
    {
      "type": "Feature",
      "geometry": {
        "type": "Point",
        "coordinates": [
          27.2077,
          61.6649
        ]
      },
      "properties": {
        "lipas_id": "514187",
        "nimi": "Orijärven avantouintipaikka",
        "kunta": "Mikkeli",
        "url": "https://lipas.fi/liikuntapaikat/514187",
        "maksullinen": "",
        "kertapääsy": "",
        "pukuhuone": "",
        "sauna": "",
        "huomio": "",
        "lipas_url": "https://lipas.fi/liikuntapaikat/514187",
        "address": "Karjalantie 10, 50600 Mikkeli",
        "address_source": "https://lipas.fi/liikuntapaikka/514187",
        "address_checked_at": "2026-10-03"
      }
    },
    {
      "type": "Feature",
      "geometry": {
        "type": "Point",
        "coordinates": [
          27.0647,
          61.6511
        ]
      },
      "properties": {
        "lipas_id": "514165",
        "nimi": "Otavan talviuintipaikka",
        "kunta": "Mikkeli",
        "url": "https://lipas.fi/liikuntapaikat/514165",
        "maksullinen": "",
        "kertapääsy": "",
        "pukuhuone": "",
        "sauna": "",
        "huomio": "",
        "lipas_url": "https://lipas.fi/liikuntapaikat/514165",
        "address": "Ukontie 11, Mikkeli",
        "address_source": "",
        "address_checked_at": ""
      }
    },
    {
      "type": "Feature",
      "geometry": {
        "type": "Point",
        "coordinates": [
          27.2528,
          61.689
        ]
      },
      "properties": {
        "lipas_id": "514162",
        "nimi": "Pankalammen talviuintipaikka",
        "kunta": "Mikkeli",
        "url": "https://lipas.fi/liikuntapaikat/514162",
        "maksullinen": "",
        "kertapääsy": "",
        "pukuhuone": "",
        "sauna": "",
        "huomio": "",
        "lipas_url": "https://lipas.fi/liikuntapaikat/514162",
        "address": "Puistokatu 14, 50100 Mikkeli",
        "address_source": "https://lipas.fi/liikuntapaikka/514162",
        "address_checked_at": "2026-10-03"
      }
    },
    {
      "type": "Feature",
      "geometry": {
        "type": "Point",
        "coordinates": [
          27.2641,
          61.5008
        ]
      },
      "properties": {
        "lipas_id": "529929",
        "nimi": "Ristiinan avantouintipaikka",
        "kunta": "Mikkeli",
        "url": "https://lipas.fi/liikuntapaikat/529929",
        "maksullinen": "",
        "kertapääsy": "",
        "pukuhuone": "",
        "sauna": "",
        "huomio": "",
        "website": "https://ristiinan-rinkka.webnode.fi/talviuinti/",
        "website_source": "LIPAS www + sisältötarkistus",
        "website_checked_at": "2026-09-19",
        "lipas_url": "https://lipas.fi/liikuntapaikat/529929",
        "address": "Brahentie 55, 52300 Ristiina",
        "address_source": "https://lipas.fi/liikuntapaikka/529929",
        "address_checked_at": "2026-10-03"
      }
    },
    {
      "type": "Feature",
      "geometry": {
        "type": "Point",
        "coordinates": [
          27.3117,
          61.6824
        ]
      },
      "properties": {
        "lipas_id": "514186",
        "nimi": "Ritvalan avantouintipaikka",
        "kunta": "Mikkeli",
        "url": "https://lipas.fi/liikuntapaikat/514186",
        "maksullinen": "",
        "kertapääsy": "",
        "pukuhuone": "",
        "sauna": "",
        "huomio": "",
        "lipas_url": "https://lipas.fi/liikuntapaikat/514186",
        "address": "Talaskatu 10, 50190 Mikkeli",
        "address_source": "https://lipas.fi/liikuntapaikka/514186",
        "address_checked_at": "2026-10-03"
      }
    },
    {
      "type": "Feature",
      "geometry": {
        "type": "Point",
        "coordinates": [
          27.4275,
          61.3508
        ]
      },
      "properties": {
        "lipas_id": "612202",
        "nimi": "Suomenniemen talviuintipaikka",
        "kunta": "Mikkeli",
        "url": "https://lipas.fi/liikuntapaikat/612202",
        "maksullinen": "",
        "kertapääsy": "",
        "pukuhuone": "",
        "sauna": "",
        "huomio": "",
        "lipas_url": "https://lipas.fi/liikuntapaikat/612202",
        "address": "Kirkonkyläntie 290, Mikkeli",
        "address_source": "",
        "address_checked_at": ""
      }
    },
    {
      "type": "Feature",
      "geometry": {
        "type": "Point",
        "coordinates": [
          26.0104,
          64.8425
        ]
      },
      "properties": {
        "lipas_id": "612364",
        "nimi": "Montan leirintäalueen talviuintipaikka",
        "kunta": "Muhos",
        "url": "https://lipas.fi/liikuntapaikat/612364",
        "maksullinen": "",
        "kertapääsy": "",
        "pukuhuone": "",
        "sauna": "",
        "huomio": "",
        "lipas_url": "https://lipas.fi/liikuntapaikat/612364",
        "address": "Kieksintie 209, 91500 Muhos",
        "address_source": "https://lipas.fi/liikuntapaikka/612364",
        "address_checked_at": "2026-10-03"
      }
    },
    {
      "type": "Feature",
      "geometry": {
        "type": "Point",
        "coordinates": [
          24.8091,
          62.4066
        ]
      },
      "properties": {
        "lipas_id": "612366",
        "nimi": "Sinervän leirintäalueen talviuintipaikka",
        "kunta": "Multia",
        "url": "https://lipas.fi/liikuntapaikat/612366",
        "maksullinen": "",
        "kertapääsy": "",
        "pukuhuone": "",
        "sauna": "",
        "huomio": "",
        "lipas_url": "https://lipas.fi/liikuntapaikat/612366",
        "address": "Leiritie 12, 42600 Multia",
        "address_source": "https://lipas.fi/liikuntapaikka/612366",
        "address_checked_at": "2026-10-03"
      }
    },
    {
      "type": "Feature",
      "geometry": {
        "type": "Point",
        "coordinates": [
          25.6837,
          62.1233
        ]
      },
      "properties": {
        "lipas_id": "514221",
        "nimi": "Uimolan avantouintipaikka",
        "kunta": "Muurame",
        "url": "https://lipas.fi/liikuntapaikat/514221",
        "maksullinen": "",
        "kertapääsy": "",
        "pukuhuone": "",
        "sauna": "",
        "huomio": "",
        "lipas_url": "https://lipas.fi/liikuntapaikat/514221",
        "address": "Jaakkolantie, 40950 Muurame",
        "address_source": "https://lipas.fi/liikuntapaikka/514221",
        "address_checked_at": "2026-10-03"
      }
    },
    {
      "type": "Feature",
      "geometry": {
        "type": "Point",
        "coordinates": [
          25.3886,
          60.598
        ]
      },
      "properties": {
        "lipas_id": "603458",
        "nimi": "Katrinranta",
        "kunta": "Mäntsälä",
        "url": "https://lipas.fi/liikuntapaikat/603458",
        "maksullinen": "",
        "kertapääsy": "",
        "pukuhuone": "",
        "sauna": "",
        "huomio": "",
        "website": "https://www.mantsalanretki.fi/",
        "website_source": "LIPAS www + sisältötarkistus",
        "website_checked_at": "2026-09-19",
        "lipas_url": "https://lipas.fi/liikuntapaikat/603458",
        "address": "Sääksjärventie 374, 04630 Sääksjärvi",
        "address_source": "https://lipas.fi/liikuntapaikka/603458",
        "address_checked_at": "2026-10-03"
      }
    },
    {
      "type": "Feature",
      "geometry": {
        "type": "Point",
        "coordinates": [
          24.6427,
          62.031
        ]
      },
      "properties": {
        "lipas_id": "601095",
        "nimi": "Myllyrannan talviuintipaikka",
        "kunta": "Mänttä-Vilppula",
        "url": "https://lipas.fi/liikuntapaikat/601095",
        "maksullinen": "",
        "kertapääsy": "",
        "pukuhuone": "",
        "sauna": "",
        "huomio": "",
        "lipas_url": "https://lipas.fi/liikuntapaikat/601095",
        "address": "Myllyrannantie 7",
        "address_source": "",
        "address_checked_at": ""
      }
    },
    {
      "type": "Feature",
      "geometry": {
        "type": "Point",
        "coordinates": [
          24.4957,
          62.0145
        ]
      },
      "properties": {
        "lipas_id": "514245",
        "nimi": "Vilppulan sataman talviuintipaikka",
        "kunta": "Mänttä-Vilppula",
        "url": "https://lipas.fi/liikuntapaikat/514245",
        "maksullinen": "",
        "kertapääsy": "",
        "pukuhuone": "",
        "sauna": "",
        "huomio": "",
        "lipas_url": "https://lipas.fi/liikuntapaikat/514245",
        "address": "Kirkkotie 5",
        "address_source": "",
        "address_checked_at": ""
      }
    },
    {
      "type": "Feature",
      "geometry": {
        "type": "Point",
        "coordinates": [
          26.473,
          61.4997
        ]
      },
      "properties": {
        "lipas_id": "514432",
        "nimi": "Kisarannan talviuintipaikka",
        "kunta": "Mäntyharju",
        "url": "https://lipas.fi/liikuntapaikat/514432",
        "maksullinen": "",
        "kertapääsy": "",
        "pukuhuone": "",
        "sauna": "",
        "huomio": "",
        "lipas_url": "https://lipas.fi/liikuntapaikat/514432",
        "address": "Pertuntie 4, Mäntyharju",
        "address_source": "",
        "address_checked_at": ""
      }
    },
    {
      "type": "Feature",
      "geometry": {
        "type": "Point",
        "coordinates": [
          26.8561,
          61.4285
        ]
      },
      "properties": {
        "lipas_id": "515426",
        "nimi": "Mäntyharjun avantouintipaikka",
        "kunta": "Mäntyharju",
        "url": "https://lipas.fi/liikuntapaikat/515426",
        "maksullinen": "",
        "kertapääsy": "",
        "pukuhuone": "",
        "sauna": "",
        "huomio": "",
        "lipas_url": "https://lipas.fi/liikuntapaikat/515426",
        "address": "Haukitie 19, 52700 Mäntyharju",
        "address_source": "",
        "address_checked_at": ""
      }
    },
    {
      "type": "Feature",
      "geometry": {
        "type": "Point",
        "coordinates": [
          22.015,
          60.4727
        ]
      },
      "properties": {
        "lipas_id": "511690",
        "nimi": "Nunnalahden talviuintipaikka",
        "kunta": "Naantali",
        "url": "https://lipas.fi/liikuntapaikat/511690",
        "maksullinen": "",
        "kertapääsy": "",
        "pukuhuone": "",
        "sauna": "",
        "huomio": "",
        "website": "https://www.naantali.fi/fi/asuminen-ja-ymparisto/luonto-ja-ymparisto/ulkoilukohteet/uimapaikat/nunnalahden-uimaranta",
        "website_source": "LIPAS www + sisältötarkistus",
        "website_checked_at": "2026-09-19",
        "lipas_url": "https://lipas.fi/liikuntapaikat/511690",
        "address": "",
        "address_source": "",
        "address_checked_at": ""
      }
    },
    {
      "type": "Feature",
      "geometry": {
        "type": "Point",
        "coordinates": [
          22.0267,
          60.4831
        ]
      },
      "properties": {
        "lipas_id": "511691",
        "nimi": "Taimon talviuintipaikka",
        "kunta": "Naantali",
        "url": "https://lipas.fi/liikuntapaikat/511691",
        "maksullinen": "",
        "kertapääsy": "",
        "pukuhuone": "",
        "sauna": "",
        "huomio": "",
        "website": "https://www.naantali.fi/fi/asuminen-ja-ymparisto/luonto-ja-ymparisto/ulkoilukohteet/uimapaikat/taimon-uimapaikka",
        "website_source": "LIPAS www + sisältötarkistus",
        "website_checked_at": "2026-09-19",
        "lipas_url": "https://lipas.fi/liikuntapaikat/511691",
        "address": "",
        "address_source": "",
        "address_checked_at": ""
      }
    },
    {
      "type": "Feature",
      "geometry": {
        "type": "Point",
        "coordinates": [
          21.9226,
          61.3326
        ]
      },
      "properties": {
        "lipas_id": "612380",
        "nimi": "Nakkilan Verstaan talviuintipaikka",
        "kunta": "Nakkila",
        "url": "https://lipas.fi/liikuntapaikat/612380",
        "maksullinen": "",
        "kertapääsy": "",
        "pukuhuone": "",
        "sauna": "",
        "huomio": "",
        "lipas_url": "https://lipas.fi/liikuntapaikat/612380",
        "address": "Pyssykankaantie 170, Nakkila",
        "address_source": "",
        "address_checked_at": ""
      }
    },
    {
      "type": "Feature",
      "geometry": {
        "type": "Point",
        "coordinates": [
          24.8499,
          63.8789
        ]
      },
      "properties": {
        "lipas_id": "612381",
        "nimi": "Vinnurvan talviuintipaikka",
        "kunta": "Nivala",
        "url": "https://lipas.fi/liikuntapaikat/612381",
        "maksullinen": "",
        "kertapääsy": "",
        "pukuhuone": "",
        "sauna": "",
        "huomio": "",
        "website": "https://liikunta.nivala.fi/nivalan-liikuntapaikat/ulkoalueet/vinnurvan-avantouintipaikka/",
        "website_source": "LIPAS www + sisältötarkistus",
        "website_checked_at": "2026-09-19",
        "lipas_url": "https://lipas.fi/liikuntapaikat/612381",
        "address": "Vinnurvantie 174, Nivala",
        "address_source": "",
        "address_checked_at": ""
      }
    },
    {
      "type": "Feature",
      "geometry": {
        "type": "Point",
        "coordinates": [
          23.4562,
          61.4968
        ]
      },
      "properties": {
        "lipas_id": "519606",
        "nimi": "Alisniemen avantouintipaikka",
        "kunta": "Nokia",
        "url": "https://lipas.fi/liikuntapaikat/519606",
        "maksullinen": "",
        "kertapääsy": "",
        "pukuhuone": "",
        "sauna": "",
        "huomio": "",
        "website": "https://www.alisniemi.com/",
        "website_source": "LIPAS www + sisältötarkistus",
        "website_checked_at": "2026-09-19",
        "lipas_url": "https://lipas.fi/liikuntapaikat/519606",
        "address": "Porintie 584, 37130 Nokia",
        "address_source": "https://lipas.fi/liikuntapaikka/519606",
        "address_checked_at": "2026-10-03"
      }
    },
    {
      "type": "Feature",
      "geometry": {
        "type": "Point",
        "coordinates": [
          23.5225,
          61.4588
        ]
      },
      "properties": {
        "lipas_id": "521126",
        "nimi": "Halkoniemen sauna",
        "kunta": "Nokia",
        "url": "https://lipas.fi/liikuntapaikat/521126",
        "maksullinen": "",
        "kertapääsy": "",
        "pukuhuone": "",
        "sauna": "",
        "huomio": "",
        "website": "https://www.nokiantalviuimarit.net/",
        "website_source": "LIPAS www + sisältötarkistus",
        "website_checked_at": "2026-09-19",
        "lipas_url": "https://lipas.fi/liikuntapaikat/521126",
        "address": "Ojanteentie 16, Nokia",
        "address_source": "",
        "address_checked_at": ""
      }
    },
    {
      "type": "Feature",
      "geometry": {
        "type": "Point",
        "coordinates": [
          22.2016,
          60.6471
        ]
      },
      "properties": {
        "lipas_id": "515235",
        "nimi": "Falkinkosken talviuintipaikka",
        "kunta": "Nousiainen",
        "url": "https://lipas.fi/liikuntapaikat/515235",
        "maksullinen": "",
        "kertapääsy": "",
        "pukuhuone": "",
        "sauna": "",
        "huomio": "",
        "website": "https://nousiainen.fi/vapaa-aika-ja-hyvinvointi/liikunta/tilat-ja-alueet/",
        "website_source": "LIPAS www + sisältötarkistus",
        "website_checked_at": "2026-09-19",
        "lipas_url": "https://lipas.fi/liikuntapaikat/515235",
        "address": "Valpperintie 561, 21270 Nousiainen",
        "address_source": "https://lipas.fi/liikuntapaikka/515235",
        "address_checked_at": "2026-10-03"
      }
    },
    {
      "type": "Feature",
      "geometry": {
        "type": "Point",
        "coordinates": [
          28.8133,
          63.6843
        ]
      },
      "properties": {
        "lipas_id": "612383",
        "nimi": "Lokkisaaren talviuintipaikka",
        "kunta": "Nurmes",
        "url": "https://lipas.fi/liikuntapaikat/612383",
        "maksullinen": "",
        "kertapääsy": "",
        "pukuhuone": "",
        "sauna": "",
        "huomio": "",
        "lipas_url": "https://lipas.fi/liikuntapaikat/612383",
        "address": "Lokkiharjuntie, Valtimo",
        "address_source": "",
        "address_checked_at": ""
      }
    },
    {
      "type": "Feature",
      "geometry": {
        "type": "Point",
        "coordinates": [
          29.1329,
          63.5415
        ]
      },
      "properties": {
        "lipas_id": "612382",
        "nimi": "Sataman talviuintipaikka",
        "kunta": "Nurmes",
        "url": "https://lipas.fi/liikuntapaikat/612382",
        "maksullinen": "",
        "kertapääsy": "",
        "pukuhuone": "",
        "sauna": "",
        "huomio": "",
        "lipas_url": "https://lipas.fi/liikuntapaikat/612382",
        "address": "Kaarlonkatu 1, Nurmes",
        "address_source": "",
        "address_checked_at": ""
      }
    },
    {
      "type": "Feature",
      "geometry": {
        "type": "Point",
        "coordinates": [
          24.7213,
          60.3944
        ]
      },
      "properties": {
        "lipas_id": "514323",
        "nimi": "Valkjärven Tiiran avantouintipaikka",
        "kunta": "Nurmijärvi",
        "url": "https://lipas.fi/liikuntapaikat/514323",
        "maksullinen": "",
        "kertapääsy": "",
        "pukuhuone": "",
        "sauna": "",
        "huomio": "",
        "lipas_url": "https://lipas.fi/liikuntapaikat/514323",
        "address": "Tiiranranta 37",
        "address_source": "",
        "address_checked_at": ""
      }
    },
    {
      "type": "Feature",
      "geometry": {
        "type": "Point",
        "coordinates": [
          25.5036,
          60.7757
        ]
      },
      "properties": {
        "lipas_id": "515147",
        "nimi": "Salusjärven leirikeskuksen talviuintipaikka",
        "kunta": "Orimattila",
        "url": "https://lipas.fi/liikuntapaikat/515147",
        "maksullinen": "",
        "kertapääsy": "",
        "pukuhuone": "",
        "sauna": "",
        "huomio": "",
        "lipas_url": "https://lipas.fi/liikuntapaikat/515147",
        "address": "Salusjärventie 110, 16300 Orimattila",
        "address_source": "https://lipas.fi/liikuntapaikka/515147",
        "address_checked_at": "2026-10-03"
      }
    },
    {
      "type": "Feature",
      "geometry": {
        "type": "Point",
        "coordinates": [
          22.7103,
          60.902
        ]
      },
      "properties": {
        "lipas_id": "612210",
        "nimi": "Myllykylän Lähteentuvan talviuintipaikka",
        "kunta": "Oripää",
        "url": "https://lipas.fi/liikuntapaikat/612210",
        "maksullinen": "",
        "kertapääsy": "",
        "pukuhuone": "",
        "sauna": "",
        "huomio": "",
        "lipas_url": "https://lipas.fi/liikuntapaikat/612210",
        "address": "Myllylähteentie 2, 32500 Oripää",
        "address_source": "https://lipas.fi/liikuntapaikka/612210",
        "address_checked_at": "2026-10-03"
      }
    },
    {
      "type": "Feature",
      "geometry": {
        "type": "Point",
        "coordinates": [
          24.3616,
          61.6715
        ]
      },
      "properties": {
        "lipas_id": "607638",
        "nimi": "Kirkkolahden talviuintipaikka",
        "kunta": "Orivesi",
        "url": "https://lipas.fi/liikuntapaikat/607638",
        "maksullinen": "",
        "kertapääsy": "",
        "pukuhuone": "",
        "sauna": "",
        "huomio": "",
        "lipas_url": "https://lipas.fi/liikuntapaikat/607638",
        "address": "Säästäjientie 13, 35300 Orivesi",
        "address_source": "https://lipas.fi/liikuntapaikka/607638",
        "address_checked_at": "2026-10-03"
      }
    },
    {
      "type": "Feature",
      "geometry": {
        "type": "Point",
        "coordinates": [
          24.3413,
          61.6283
        ]
      },
      "properties": {
        "lipas_id": "612211",
        "nimi": "Säynäniemen leirintäalueen talviuintipaikka",
        "kunta": "Orivesi",
        "url": "https://lipas.fi/liikuntapaikat/612211",
        "maksullinen": "",
        "kertapääsy": "",
        "pukuhuone": "",
        "sauna": "",
        "huomio": "",
        "lipas_url": "https://lipas.fi/liikuntapaikat/612211",
        "address": "Säynäniementie 100, 35100 Orivesi",
        "address_source": "https://visitfinland.com/es/producto/2064b934-215b-4ded-a613-f09730795be7/saynaniemi-area",
        "address_checked_at": "2026-10-03"
      }
    },
    {
      "type": "Feature",
      "geometry": {
        "type": "Point",
        "coordinates": [
          24.9139,
          64.3019
        ]
      },
      "properties": {
        "lipas_id": "615345",
        "nimi": "Venerannan talviuintipaikka ja sauna",
        "kunta": "Oulainen",
        "url": "https://lipas.fi/liikuntapaikat/615345",
        "maksullinen": "",
        "kertapääsy": "",
        "pukuhuone": "",
        "sauna": "",
        "huomio": "",
        "lipas_url": "https://lipas.fi/liikuntapaikat/615345",
        "address": "Ouluntie 586, Oulainen",
        "address_source": "",
        "address_checked_at": ""
      }
    },
    {
      "type": "Feature",
      "geometry": {
        "type": "Point",
        "coordinates": [
          25.4885,
          65.0227
        ]
      },
      "properties": {
        "lipas_id": "521225",
        "nimi": "Tuiran talviuintipaikka",
        "kunta": "Oulu",
        "url": "https://lipas.fi/liikuntapaikat/521225",
        "maksullinen": "",
        "kertapääsy": "",
        "pukuhuone": "",
        "sauna": "",
        "huomio": "",
        "website": "https://www.ouka.fi/ulkoliikuntapaikat/talviuinti",
        "website_source": "LIPAS www + sisältötarkistus",
        "website_checked_at": "2026-09-19",
        "lipas_url": "https://lipas.fi/liikuntapaikat/521225",
        "address": "Koskitie 58, Oulu",
        "address_source": "",
        "address_checked_at": ""
      }
    },
    {
      "type": "Feature",
      "geometry": {
        "type": "Point",
        "coordinates": [
          28.921,
          62.7421
        ]
      },
      "properties": {
        "lipas_id": "612384",
        "nimi": "Kolmikannan leirikeskuksen talviuintipaikka",
        "kunta": "Outokumpu",
        "url": "https://lipas.fi/liikuntapaikat/612384",
        "maksullinen": "",
        "kertapääsy": "",
        "pukuhuone": "",
        "sauna": "",
        "huomio": "",
        "website": "https://visitoutokumpu.fi/liikunta/",
        "website_source": "LIPAS www + sisältötarkistus",
        "website_checked_at": "2026-09-19",
        "lipas_url": "https://lipas.fi/liikuntapaikat/612384",
        "address": "Rikkarannantie 51, 83500 Outokumpu",
        "address_source": "https://lipas.fi/liikuntapaikka/612384",
        "address_checked_at": "2026-10-03"
      }
    },
    {
      "type": "Feature",
      "geometry": {
        "type": "Point",
        "coordinates": [
          22.691,
          60.4783
        ]
      },
      "properties": {
        "lipas_id": "513266",
        "nimi": "Oinilan maauimalan talviuintipaikka",
        "kunta": "Paimio",
        "url": "https://lipas.fi/liikuntapaikat/513266",
        "maksullinen": "",
        "kertapääsy": "",
        "pukuhuone": "",
        "sauna": "",
        "huomio": "",
        "lipas_url": "https://lipas.fi/liikuntapaikat/513266",
        "address": "Sähköyhtiöntie 193",
        "address_source": "",
        "address_checked_at": ""
      }
    },
    {
      "type": "Feature",
      "geometry": {
        "type": "Point",
        "coordinates": [
          23.046,
          62.0403
        ]
      },
      "properties": {
        "lipas_id": "518386",
        "nimi": "Käenkosken talviuintipaikka",
        "kunta": "Parkano",
        "url": "https://lipas.fi/liikuntapaikat/518386",
        "maksullinen": "",
        "kertapääsy": "",
        "pukuhuone": "",
        "sauna": "",
        "huomio": "",
        "website": "https://www.parkanonurheilijat.fi/",
        "website_source": "LIPAS www + sisältötarkistus",
        "website_checked_at": "2026-09-19",
        "lipas_url": "https://lipas.fi/liikuntapaikat/518386",
        "address": "Hiihtokeskuksentie 35, 39700 Parkano",
        "address_source": "https://lipas.fi/liikuntapaikka/518386",
        "address_checked_at": "2026-10-03"
      }
    },
    {
      "type": "Feature",
      "geometry": {
        "type": "Point",
        "coordinates": [
          27.2229,
          67.0413
        ]
      },
      "properties": {
        "lipas_id": "612398",
        "nimi": "Kairosmajan rantasaunan talviuintipaikka",
        "kunta": "Pelkosenniemi",
        "url": "https://lipas.fi/liikuntapaikat/612398",
        "maksullinen": "",
        "kertapääsy": "",
        "pukuhuone": "",
        "sauna": "",
        "huomio": "",
        "website": "https://kansanraamattuseura.fi/lomakeskukset/kairosmaja/",
        "website_source": "LIPAS www + sisältötarkistus",
        "website_checked_at": "2026-09-19",
        "lipas_url": "https://lipas.fi/liikuntapaikat/612398",
        "address": "Pyhäntie, 98530 Pyhätunturi",
        "address_source": "https://lipas.fi/liikuntapaikka/612398",
        "address_checked_at": "2026-10-03"
      }
    },
    {
      "type": "Feature",
      "geometry": {
        "type": "Point",
        "coordinates": [
          24.1162,
          66.8058
        ]
      },
      "properties": {
        "lipas_id": "612212",
        "nimi": "Valkeajärven talviuintipaikka",
        "kunta": "Pello",
        "url": "https://lipas.fi/liikuntapaikat/612212",
        "maksullinen": "",
        "kertapääsy": "",
        "pukuhuone": "",
        "sauna": "",
        "huomio": "",
        "website": "https://www.pello.fi/kulttuuri-ja-vapaa-aika/liikuntapaikat/talviuinti",
        "website_source": "LIPAS www + sisältötarkistus",
        "website_checked_at": "2026-09-19",
        "lipas_url": "https://lipas.fi/liikuntapaikat/612212",
        "address": "Rovaniementie 56 b, 95700 Pello",
        "address_source": "https://lipas.fi/liikuntapaikka/612212",
        "address_checked_at": "2026-10-03"
      }
    },
    {
      "type": "Feature",
      "geometry": {
        "type": "Point",
        "coordinates": [
          25.163,
          62.2627
        ]
      },
      "properties": {
        "lipas_id": "516512",
        "nimi": "Kirkonkylän rantauimalan talviuintipaikka",
        "kunta": "Petäjävesi",
        "url": "https://lipas.fi/liikuntapaikat/516512",
        "maksullinen": "",
        "kertapääsy": "",
        "pukuhuone": "",
        "sauna": "",
        "huomio": "",
        "website": "https://www.petajavedenseurayhtyma.fi/#avantouinti",
        "website_source": "LIPAS www + sisältötarkistus",
        "website_checked_at": "2026-09-19",
        "lipas_url": "https://lipas.fi/liikuntapaikat/516512",
        "address": "Matkailutie 7, Petäjävesi",
        "address_source": "",
        "address_checked_at": ""
      }
    },
    {
      "type": "Feature",
      "geometry": {
        "type": "Point",
        "coordinates": [
          27.1319,
          62.3074
        ]
      },
      "properties": {
        "lipas_id": "514450",
        "nimi": "Pieksänjärven talviuintipaikka",
        "kunta": "Pieksämäki",
        "url": "https://lipas.fi/liikuntapaikat/514450",
        "maksullinen": "",
        "kertapääsy": "",
        "pukuhuone": "",
        "sauna": "",
        "huomio": "",
        "lipas_url": "https://lipas.fi/liikuntapaikat/514450",
        "address": "Pappilantie 16 A, Pieksämäki",
        "address_source": "",
        "address_checked_at": ""
      }
    },
    {
      "type": "Feature",
      "geometry": {
        "type": "Point",
        "coordinates": [
          25.5907,
          63.368
        ]
      },
      "properties": {
        "lipas_id": "511482",
        "nimi": "Kumpulan talviuintipaikka",
        "kunta": "Pihtipudas",
        "url": "https://lipas.fi/liikuntapaikat/511482",
        "maksullinen": "",
        "kertapääsy": "",
        "pukuhuone": "",
        "sauna": "",
        "huomio": "",
        "website": "https://pihtipudas.fi/vapaa-aika-ja-hyvinvointi/liikunta-ja-ulkoilu/avantouinti/",
        "website_source": "LIPAS www + sisältötarkistus",
        "website_checked_at": "2026-09-19",
        "lipas_url": "https://lipas.fi/liikuntapaikat/511482",
        "address": "Mummolantie 3, 44800 Pihtipudas",
        "address_source": "",
        "address_checked_at": ""
      }
    },
    {
      "type": "Feature",
      "geometry": {
        "type": "Point",
        "coordinates": [
          23.6799,
          61.4752
        ]
      },
      "properties": {
        "lipas_id": "514461",
        "nimi": "Loukonlahden avantouintipaikka",
        "kunta": "Pirkkala",
        "url": "https://lipas.fi/liikuntapaikat/514461",
        "maksullinen": "",
        "kertapääsy": "",
        "pukuhuone": "",
        "sauna": "",
        "huomio": "",
        "website": "https://www.pirkkala.fi/liikunta/ulkoliikunta/uinti/",
        "website_source": "LIPAS www + sisältötarkistus",
        "website_checked_at": "2026-09-19",
        "lipas_url": "https://lipas.fi/liikuntapaikat/514461",
        "address": "Kirkkoveräjäntie 14, 33950 Pirkkala",
        "address_source": "",
        "address_checked_at": ""
      }
    },
    {
      "type": "Feature",
      "geometry": {
        "type": "Point",
        "coordinates": [
          23.7019,
          61.4803
        ]
      },
      "properties": {
        "lipas_id": "612214",
        "nimi": "Pereensaaren saunan talviuintipaikka",
        "kunta": "Pirkkala",
        "url": "https://lipas.fi/liikuntapaikat/612214",
        "maksullinen": "",
        "kertapääsy": "",
        "pukuhuone": "",
        "sauna": "",
        "huomio": "",
        "website": "https://pereensaarensauna.fi/",
        "website_source": "LIPAS www + sisältötarkistus",
        "website_checked_at": "2026-09-19",
        "lipas_url": "https://lipas.fi/liikuntapaikat/612214",
        "address": "Pereensaarentie 43, 33950 Pirkkala",
        "address_source": "",
        "address_checked_at": ""
      }
    },
    {
      "type": "Feature",
      "geometry": {
        "type": "Point",
        "coordinates": [
          23.5508,
          61.4477
        ]
      },
      "properties": {
        "lipas_id": "528898",
        "nimi": "Reipin talviuintipaikka",
        "kunta": "Pirkkala",
        "url": "https://lipas.fi/liikuntapaikat/528898",
        "maksullinen": "",
        "kertapääsy": "",
        "pukuhuone": "",
        "sauna": "",
        "huomio": "",
        "website": "https://www.pirkkala.fi/liikunta/ulkoliikunta/uinti/",
        "website_source": "LIPAS www + sisältötarkistus",
        "website_checked_at": "2026-09-19",
        "lipas_url": "https://lipas.fi/liikuntapaikat/528898",
        "address": "Reipintie 43, 33980 Pirkkala",
        "address_source": "",
        "address_checked_at": ""
      }
    },
    {
      "type": "Feature",
      "geometry": {
        "type": "Point",
        "coordinates": [
          21.8639,
          61.5936
        ]
      },
      "properties": {
        "lipas_id": "529930",
        "nimi": "Noormarkun talviuintipaikka",
        "kunta": "Pori",
        "url": "https://lipas.fi/liikuntapaikat/529930",
        "maksullinen": "",
        "kertapääsy": "",
        "pukuhuone": "",
        "sauna": "",
        "huomio": "",
        "lipas_url": "https://lipas.fi/liikuntapaikat/529930",
        "address": "Finpyyntie 3, 29600 Noormarkku",
        "address_source": "https://lipas.fi/liikuntapaikka/529930",
        "address_checked_at": "2026-10-03"
      }
    },
    {
      "type": "Feature",
      "geometry": {
        "type": "Point",
        "coordinates": [
          21.7666,
          61.4724
        ]
      },
      "properties": {
        "lipas_id": "517287",
        "nimi": "Porin maauimalan talviuintipaikka",
        "kunta": "Pori",
        "url": "https://lipas.fi/liikuntapaikat/517287",
        "maksullinen": "",
        "kertapääsy": "",
        "pukuhuone": "",
        "sauna": "",
        "huomio": "",
        "lipas_url": "https://lipas.fi/liikuntapaikat/517287",
        "address": "Metsämiehenkatu 8, 28500 Pori",
        "address_source": "https://lipas.fi/liikuntapaikka/517287",
        "address_checked_at": "2026-10-03"
      }
    },
    {
      "type": "Feature",
      "geometry": {
        "type": "Point",
        "coordinates": [
          25.3983,
          60.4512
        ]
      },
      "properties": {
        "lipas_id": "514206",
        "nimi": "Hietasen avantouintipaikka",
        "kunta": "Pornainen",
        "url": "https://lipas.fi/liikuntapaikat/514206",
        "maksullinen": "",
        "kertapääsy": "",
        "pukuhuone": "",
        "sauna": "",
        "huomio": "",
        "lipas_url": "https://lipas.fi/liikuntapaikat/514206",
        "address": "Vähä-Laukkoskentie 75, 07150 Laukkoski",
        "address_source": "https://lipas.fi/liikuntapaikka/514206",
        "address_checked_at": "2026-10-03"
      }
    },
    {
      "type": "Feature",
      "geometry": {
        "type": "Point",
        "coordinates": [
          25.6025,
          60.3028
        ]
      },
      "properties": {
        "lipas_id": "612216",
        "nimi": "Elämyspoukaman talviuintipaikka",
        "kunta": "Porvoo",
        "url": "https://lipas.fi/liikuntapaikat/612216",
        "maksullinen": "",
        "kertapääsy": "",
        "pukuhuone": "",
        "sauna": "",
        "huomio": "",
        "lipas_url": "https://lipas.fi/liikuntapaikat/612216",
        "address": "Emäsalontie 152, 06950 Emäsalo",
        "address_source": "https://lipas.fi/liikuntapaikka/612216",
        "address_checked_at": "2026-10-03"
      }
    },
    {
      "type": "Feature",
      "geometry": {
        "type": "Point",
        "coordinates": [
          25.647,
          60.383
        ]
      },
      "properties": {
        "lipas_id": "512470",
        "nimi": "Kokonniemen talviuintipaikka",
        "kunta": "Porvoo",
        "url": "https://lipas.fi/liikuntapaikat/512470",
        "maksullinen": "",
        "kertapääsy": "",
        "pukuhuone": "",
        "sauna": "",
        "huomio": "",
        "lipas_url": "https://lipas.fi/liikuntapaikat/512470",
        "address": "Jääkiekkotie 2, 06100 Porvoo",
        "address_source": "https://lipas.fi/liikuntapaikka/512470",
        "address_checked_at": "2026-10-03"
      }
    },
    {
      "type": "Feature",
      "geometry": {
        "type": "Point",
        "coordinates": [
          28.2904,
          66.1088
        ]
      },
      "properties": {
        "lipas_id": "612399",
        "nimi": "Kirikeskuksen talviuintipaikka",
        "kunta": "Posio",
        "url": "https://lipas.fi/liikuntapaikat/612399",
        "maksullinen": "",
        "kertapääsy": "",
        "pukuhuone": "",
        "sauna": "",
        "huomio": "",
        "lipas_url": "https://lipas.fi/liikuntapaikat/612399",
        "address": "Kiririnteentie 1",
        "address_source": "",
        "address_checked_at": ""
      }
    },
    {
      "type": "Feature",
      "geometry": {
        "type": "Point",
        "coordinates": [
          26.9759,
          65.369
        ]
      },
      "properties": {
        "lipas_id": "602767",
        "nimi": "Pietarilan avantouintipaikka",
        "kunta": "Pudasjärvi",
        "url": "https://lipas.fi/liikuntapaikat/602767",
        "maksullinen": "",
        "kertapääsy": "",
        "pukuhuone": "",
        "sauna": "",
        "huomio": "",
        "lipas_url": "https://lipas.fi/liikuntapaikat/602767",
        "address": "Ritolantie 21, 93100 Pudasjärvi",
        "address_source": "",
        "address_checked_at": ""
      }
    },
    {
      "type": "Feature",
      "geometry": {
        "type": "Point",
        "coordinates": [
          23.257,
          61.0563
        ]
      },
      "properties": {
        "lipas_id": "513964",
        "nimi": "Kivirannan talviuintipaikka, sauna pe 16-20",
        "kunta": "Punkalaidun",
        "url": "https://lipas.fi/liikuntapaikat/513964",
        "maksullinen": "",
        "kertapääsy": "",
        "pukuhuone": "",
        "sauna": "",
        "huomio": "",
        "lipas_url": "https://lipas.fi/liikuntapaikat/513964",
        "address": "Itäinen Rantatie 24, 31900 Punkalaidun",
        "address_source": "",
        "address_checked_at": ""
      }
    },
    {
      "type": "Feature",
      "geometry": {
        "type": "Point",
        "coordinates": [
          27.9375,
          64.6811
        ]
      },
      "properties": {
        "lipas_id": "612400",
        "nimi": "Lake Resort Paljakan avantouintipaikka",
        "kunta": "Puolanka",
        "url": "https://lipas.fi/liikuntapaikat/612400",
        "maksullinen": "",
        "kertapääsy": "",
        "pukuhuone": "",
        "sauna": "",
        "huomio": "",
        "lipas_url": "https://lipas.fi/liikuntapaikat/612400",
        "address": "Hoikanvaarantie, 89140 Kotila",
        "address_source": "https://lipas.fi/liikuntapaikka/612400",
        "address_checked_at": "2026-10-03"
      }
    },
    {
      "type": "Feature",
      "geometry": {
        "type": "Point",
        "coordinates": [
          28.1805,
          61.5197
        ]
      },
      "properties": {
        "lipas_id": "612401",
        "nimi": "Veeranrannan talviuintipaikka",
        "kunta": "Puumala",
        "url": "https://lipas.fi/liikuntapaikat/612401",
        "maksullinen": "",
        "kertapääsy": "",
        "pukuhuone": "",
        "sauna": "",
        "huomio": "",
        "website": "https://puumala.fi/avantouintisaunat-ja-seniorisaunat/",
        "website_source": "LIPAS www + sisältötarkistus",
        "website_checked_at": "2026-09-19",
        "lipas_url": "https://lipas.fi/liikuntapaikat/612401",
        "address": "Niementie 1 C",
        "address_source": "",
        "address_checked_at": ""
      }
    },
    {
      "type": "Feature",
      "geometry": {
        "type": "Point",
        "coordinates": [
          24.2331,
          64.4442
        ]
      },
      "properties": {
        "lipas_id": "98519",
        "nimi": "Rautiperän avantouintipaikka",
        "kunta": "Pyhäjoki",
        "url": "https://lipas.fi/liikuntapaikat/98519",
        "maksullinen": "",
        "kertapääsy": "",
        "pukuhuone": "",
        "sauna": "",
        "huomio": "",
        "website": "https://www.pyhajoki.fi/rautiperan-ulkoilualue",
        "website_source": "LIPAS www + sisältötarkistus",
        "website_checked_at": "2026-09-19",
        "lipas_url": "https://lipas.fi/liikuntapaikat/98519",
        "address": "Hiihtomajantie 94",
        "address_source": "",
        "address_checked_at": ""
      }
    },
    {
      "type": "Feature",
      "geometry": {
        "type": "Point",
        "coordinates": [
          25.9931,
          63.6797
        ]
      },
      "properties": {
        "lipas_id": "612402",
        "nimi": "Lossinrannan talviuintipaikka",
        "kunta": "Pyhäjärvi",
        "url": "https://lipas.fi/liikuntapaikat/612402",
        "maksullinen": "",
        "kertapääsy": "",
        "pukuhuone": "",
        "sauna": "",
        "huomio": "",
        "website": "https://www.pyhajarvi.fi/fi/avantouintipaikka",
        "website_source": "LIPAS www + sisältötarkistus",
        "website_checked_at": "2026-09-19",
        "lipas_url": "https://lipas.fi/liikuntapaikat/612402",
        "address": "Tikkalantie 16, 86800 Pyhäsalmi",
        "address_source": "",
        "address_checked_at": ""
      }
    },
    {
      "type": "Feature",
      "geometry": {
        "type": "Point",
        "coordinates": [
          26.3367,
          64.1048
        ]
      },
      "properties": {
        "lipas_id": "513874",
        "nimi": "Museon talviuintipaikka",
        "kunta": "Pyhäntä",
        "url": "https://lipas.fi/liikuntapaikat/513874",
        "maksullinen": "",
        "kertapääsy": "",
        "pukuhuone": "",
        "sauna": "",
        "huomio": "",
        "lipas_url": "https://lipas.fi/liikuntapaikat/513874",
        "address": "Kestiläntie 4, 92930 Pyhäntä",
        "address_source": "https://lipas.fi/liikuntapaikka/513874",
        "address_checked_at": "2026-10-03"
      }
    },
    {
      "type": "Feature",
      "geometry": {
        "type": "Point",
        "coordinates": [
          24.4742,
          61.3532
        ]
      },
      "properties": {
        "lipas_id": "612404",
        "nimi": "Aitoon Kankahuven talviuintipaikka",
        "kunta": "Pälkäne",
        "url": "https://lipas.fi/liikuntapaikat/612404",
        "maksullinen": "",
        "kertapääsy": "",
        "pukuhuone": "",
        "sauna": "",
        "huomio": "",
        "lipas_url": "https://lipas.fi/liikuntapaikat/612404",
        "address": "Kankahuventie 79, 36720 Aitoo",
        "address_source": "https://lipas.fi/liikuntapaikka/612404",
        "address_checked_at": "2026-10-03"
      }
    },
    {
      "type": "Feature",
      "geometry": {
        "type": "Point",
        "coordinates": [
          24.2664,
          61.3325
        ]
      },
      "properties": {
        "lipas_id": "612405",
        "nimi": "Kostianvirran talviuintipaikka",
        "kunta": "Pälkäne",
        "url": "https://lipas.fi/liikuntapaikat/612405",
        "maksullinen": "",
        "kertapääsy": "",
        "pukuhuone": "",
        "sauna": "",
        "huomio": "",
        "lipas_url": "https://lipas.fi/liikuntapaikat/612405",
        "address": "Veteraanipolku 1, 36600 Pälkäne",
        "address_source": "https://lipas.fi/liikuntapaikka/612405",
        "address_checked_at": "2026-10-03"
      }
    },
    {
      "type": "Feature",
      "geometry": {
        "type": "Point",
        "coordinates": [
          24.6467,
          61.3711
        ]
      },
      "properties": {
        "lipas_id": "612403",
        "nimi": "Vohlisaaren talviuintipaikka",
        "kunta": "Pälkäne",
        "url": "https://lipas.fi/liikuntapaikat/612403",
        "maksullinen": "",
        "kertapääsy": "",
        "pukuhuone": "",
        "sauna": "",
        "huomio": "",
        "lipas_url": "https://lipas.fi/liikuntapaikat/612403",
        "address": "Vohlisaarentie 28, 36760 Luopioinen",
        "address_source": "https://lipas.fi/liikuntapaikka/612403",
        "address_checked_at": "2026-10-03"
      }
    },
    {
      "type": "Feature",
      "geometry": {
        "type": "Point",
        "coordinates": [
          22.9178,
          60.7369
        ]
      },
      "properties": {
        "lipas_id": "612245",
        "nimi": "Kakarlammen talviuintipaikka",
        "kunta": "Pöytyä",
        "url": "https://lipas.fi/liikuntapaikat/612245",
        "maksullinen": "",
        "kertapääsy": "",
        "pukuhuone": "",
        "sauna": "",
        "huomio": "",
        "website": "https://www.poytya.fi/voi-hyvin/liikunta/talviuintipaikat/",
        "website_source": "LIPAS www + sisältötarkistus",
        "website_checked_at": "2026-09-19",
        "lipas_url": "https://lipas.fi/liikuntapaikat/612245",
        "address": "Parravahantie 244, 32300 Mellilä",
        "address_source": "",
        "address_checked_at": ""
      }
    },
    {
      "type": "Feature",
      "geometry": {
        "type": "Point",
        "coordinates": [
          22.4059,
          60.9126
        ]
      },
      "properties": {
        "lipas_id": "612217",
        "nimi": "Kalikan talviuintipaikka",
        "kunta": "Pöytyä",
        "url": "https://lipas.fi/liikuntapaikat/612217",
        "maksullinen": "",
        "kertapääsy": "",
        "pukuhuone": "",
        "sauna": "",
        "huomio": "",
        "website": "https://www.poytya.fi/voi-hyvin/liikunta/talviuintipaikat/",
        "website_source": "LIPAS www + sisältötarkistus",
        "website_checked_at": "2026-09-19",
        "lipas_url": "https://lipas.fi/liikuntapaikat/612217",
        "address": "Kalikantie 42, Yläne",
        "address_source": "",
        "address_checked_at": ""
      }
    },
    {
      "type": "Feature",
      "geometry": {
        "type": "Point",
        "coordinates": [
          22.7659,
          60.7033
        ]
      },
      "properties": {
        "lipas_id": "612218",
        "nimi": "Kyrön maauimalan talviuintipaikka",
        "kunta": "Pöytyä",
        "url": "https://lipas.fi/liikuntapaikat/612218",
        "maksullinen": "",
        "kertapääsy": "",
        "pukuhuone": "",
        "sauna": "",
        "huomio": "",
        "lipas_url": "https://lipas.fi/liikuntapaikat/612218",
        "address": "Ollilantie 12, 21800 Kyrö",
        "address_source": "",
        "address_checked_at": ""
      }
    },
    {
      "type": "Feature",
      "geometry": {
        "type": "Point",
        "coordinates": [
          22.4697,
          60.8203
        ]
      },
      "properties": {
        "lipas_id": "612244",
        "nimi": "Lystmettän talviuintipaikka",
        "kunta": "Pöytyä",
        "url": "https://lipas.fi/liikuntapaikat/612244",
        "maksullinen": "",
        "kertapääsy": "",
        "pukuhuone": "",
        "sauna": "",
        "huomio": "",
        "lipas_url": "https://lipas.fi/liikuntapaikat/612244",
        "address": "Kuusistontie 425, 21930 Uusikartano",
        "address_source": "",
        "address_checked_at": ""
      }
    },
    {
      "type": "Feature",
      "geometry": {
        "type": "Point",
        "coordinates": [
          22.3496,
          60.8957
        ]
      },
      "properties": {
        "lipas_id": "529935",
        "nimi": "Valasrannan talviuintipaikka",
        "kunta": "Pöytyä",
        "url": "https://lipas.fi/liikuntapaikat/529935",
        "maksullinen": "",
        "kertapääsy": "",
        "pukuhuone": "",
        "sauna": "",
        "huomio": "",
        "lipas_url": "https://lipas.fi/liikuntapaikat/529935",
        "address": "Valasrannantie 363, 21900 Yläne",
        "address_source": "",
        "address_checked_at": ""
      }
    },
    {
      "type": "Feature",
      "geometry": {
        "type": "Point",
        "coordinates": [
          24.4615,
          64.6891
        ]
      },
      "properties": {
        "lipas_id": "513323",
        "nimi": "Pikkulahden talviuintipaikka",
        "kunta": "Raahe",
        "url": "https://lipas.fi/liikuntapaikat/513323",
        "maksullinen": "",
        "kertapääsy": "",
        "pukuhuone": "",
        "sauna": "",
        "huomio": "",
        "lipas_url": "https://lipas.fi/liikuntapaikat/513323",
        "address": "Musta 22, 92100 Raahe",
        "address_source": "",
        "address_checked_at": ""
      }
    },
    {
      "type": "Feature",
      "geometry": {
        "type": "Point",
        "coordinates": [
          23.4293,
          59.9769
        ]
      },
      "properties": {
        "lipas_id": "513284",
        "nimi": "Stallörenin avantouintipaikka",
        "kunta": "Raasepori",
        "url": "https://lipas.fi/liikuntapaikat/513284",
        "maksullinen": "",
        "kertapääsy": "",
        "pukuhuone": "",
        "sauna": "",
        "huomio": "",
        "lipas_url": "https://lipas.fi/liikuntapaikat/513284",
        "address": "Rantapuistikko, 10600 Tammisaari",
        "address_source": "https://lipas.fi/liikuntapaikka/513284",
        "address_checked_at": "2026-10-03"
      }
    },
    {
      "type": "Feature",
      "geometry": {
        "type": "Point",
        "coordinates": [
          22.1165,
          60.4612
        ]
      },
      "properties": {
        "lipas_id": "612413",
        "nimi": "Hahdenniemen talviuintipaikka",
        "kunta": "Raisio",
        "url": "https://lipas.fi/liikuntapaikat/612413",
        "maksullinen": "",
        "kertapääsy": "",
        "pukuhuone": "",
        "sauna": "",
        "huomio": "",
        "lipas_url": "https://lipas.fi/liikuntapaikat/612413",
        "address": "Playanpolku 4, 21120 Raisio",
        "address_source": "https://lipas.fi/liikuntapaikka/612413",
        "address_checked_at": "2026-10-03"
      }
    },
    {
      "type": "Feature",
      "geometry": {
        "type": "Point",
        "coordinates": [
          21.479,
          61.1421
        ]
      },
      "properties": {
        "lipas_id": "612416",
        "nimi": "Kisarannan saunan talviuintipaikka",
        "kunta": "Rauma",
        "url": "https://lipas.fi/liikuntapaikat/612416",
        "maksullinen": "",
        "kertapääsy": "",
        "pukuhuone": "",
        "sauna": "",
        "huomio": "",
        "website": "http://raumantalviuimarit.net/",
        "website_source": "LIPAS www + sisältötarkistus",
        "website_checked_at": "2026-09-19",
        "lipas_url": "https://lipas.fi/liikuntapaikat/612416",
        "address": "Purjehtijankatu 2, Rauma",
        "address_source": "",
        "address_checked_at": ""
      }
    },
    {
      "type": "Feature",
      "geometry": {
        "type": "Point",
        "coordinates": [
          21.8887,
          61.0561
        ]
      },
      "properties": {
        "lipas_id": "612417",
        "nimi": "Narvijärven talviuintipaikka",
        "kunta": "Rauma",
        "url": "https://lipas.fi/liikuntapaikat/612417",
        "maksullinen": "",
        "kertapääsy": "",
        "pukuhuone": "",
        "sauna": "",
        "huomio": "",
        "lipas_url": "https://lipas.fi/liikuntapaikat/612417",
        "address": "Ruonantie 319, Rauma",
        "address_source": "",
        "address_checked_at": ""
      }
    },
    {
      "type": "Feature",
      "geometry": {
        "type": "Point",
        "coordinates": [
          26.8188,
          62.6236
        ]
      },
      "properties": {
        "lipas_id": "512726",
        "nimi": "Rautalammin talviuintipaikka",
        "kunta": "Rautalampi",
        "url": "https://lipas.fi/liikuntapaikat/512726",
        "maksullinen": "",
        "kertapääsy": "",
        "pukuhuone": "",
        "sauna": "",
        "huomio": "",
        "lipas_url": "https://lipas.fi/liikuntapaikat/512726",
        "address": "Matti Lohen tie, 77700 Rautalampi",
        "address_source": "https://lipas.fi/liikuntapaikka/512726",
        "address_checked_at": "2026-10-03"
      }
    },
    {
      "type": "Feature",
      "geometry": {
        "type": "Point",
        "coordinates": [
          25.7447,
          66.5018
        ]
      },
      "properties": {
        "lipas_id": "612433",
        "nimi": "Koskipuiston talviuintipaikka",
        "kunta": "Rovaniemi",
        "url": "https://lipas.fi/liikuntapaikat/612433",
        "maksullinen": "",
        "kertapääsy": "",
        "pukuhuone": "",
        "sauna": "",
        "huomio": "",
        "website": "https://ounasvaaranlatu.fi/jaostot/talviuinti/",
        "website_source": "LIPAS www + sisältötarkistus",
        "website_checked_at": "2026-09-19",
        "lipas_url": "https://lipas.fi/liikuntapaikat/612433",
        "address": "Jäämerentie 9, Rovaniemi",
        "address_source": "",
        "address_checked_at": ""
      }
    },
    {
      "type": "Feature",
      "geometry": {
        "type": "Point",
        "coordinates": [
          25.7435,
          66.5202
        ]
      },
      "properties": {
        "lipas_id": "612440",
        "nimi": "Roiskeen talviuintipaikka",
        "kunta": "Rovaniemi",
        "url": "https://lipas.fi/liikuntapaikat/612440",
        "maksullinen": "",
        "kertapääsy": "",
        "pukuhuone": "",
        "sauna": "",
        "huomio": "",
        "website": "https://roiskeelle.fi/",
        "website_source": "LIPAS www + sisältötarkistus",
        "website_checked_at": "2026-09-19",
        "lipas_url": "https://lipas.fi/liikuntapaikat/612440",
        "address": "Ounasjoen itäpuolentie 21, 96900 Rovaniemi",
        "address_source": "",
        "address_checked_at": ""
      }
    },
    {
      "type": "Feature",
      "geometry": {
        "type": "Point",
        "coordinates": [
          25.7884,
          66.5114
        ]
      },
      "properties": {
        "lipas_id": "612437",
        "nimi": "WNTR Saunan talviuintipaikka",
        "kunta": "Rovaniemi",
        "url": "https://lipas.fi/liikuntapaikat/612437",
        "maksullinen": "",
        "kertapääsy": "",
        "pukuhuone": "",
        "sauna": "",
        "huomio": "",
        "website": "https://www.laplandhotels.com/fi/hotellit-ja-kohteet/rovaniemi/lapland-hotels-ounasvaara-chalets/wntr-sauna",
        "website_source": "LIPAS www + sisältötarkistus",
        "website_checked_at": "2026-09-19",
        "lipas_url": "https://lipas.fi/liikuntapaikat/612437",
        "address": "Pallarintie 17, 96600 Rovaniemi",
        "address_source": "https://lipas.fi/liikuntapaikka/612437",
        "address_checked_at": "2026-10-03"
      }
    },
    {
      "type": "Feature",
      "geometry": {
        "type": "Point",
        "coordinates": [
          28.8231,
          61.2725
        ]
      },
      "properties": {
        "lipas_id": "612454",
        "nimi": "Hirsirannan talviuintipaikka",
        "kunta": "Ruokolahti",
        "url": "https://lipas.fi/liikuntapaikat/612454",
        "maksullinen": "",
        "kertapääsy": "",
        "pukuhuone": "",
        "sauna": "",
        "huomio": "",
        "website": "https://www.hirsiranta.fi/avantouinti/",
        "website_source": "LIPAS www + sisältötarkistus",
        "website_checked_at": "2026-09-19",
        "lipas_url": "https://lipas.fi/liikuntapaikat/612454",
        "address": "Lomahovintie 3, 56120 Salosaari",
        "address_source": "https://lipas.fi/liikuntapaikka/612454",
        "address_checked_at": "2026-10-03"
      }
    },
    {
      "type": "Feature",
      "geometry": {
        "type": "Point",
        "coordinates": [
          28.8024,
          61.2976
        ]
      },
      "properties": {
        "lipas_id": "612459",
        "nimi": "Kuuselan rannan talviuintipaikka",
        "kunta": "Ruokolahti",
        "url": "https://lipas.fi/liikuntapaikat/612459",
        "maksullinen": "",
        "kertapääsy": "",
        "pukuhuone": "",
        "sauna": "",
        "huomio": "",
        "lipas_url": "https://lipas.fi/liikuntapaikat/612459",
        "address": "Rantakuja 14, 56100 Ruokolahti",
        "address_source": "https://lipas.fi/liikuntapaikka/612459",
        "address_checked_at": "2026-10-03"
      }
    },
    {
      "type": "Feature",
      "geometry": {
        "type": "Point",
        "coordinates": [
          24.0824,
          61.989
        ]
      },
      "properties": {
        "lipas_id": "612462",
        "nimi": "Pihlapirtin talviuintipaikka",
        "kunta": "Ruovesi",
        "url": "https://lipas.fi/liikuntapaikat/612462",
        "maksullinen": "",
        "kertapääsy": "",
        "pukuhuone": "",
        "sauna": "",
        "huomio": "",
        "website": "https://www.ruovedenkanoottipurjehtijat.fi/pihlapirtin-talviuinti/",
        "website_source": "LIPAS www + sisältötarkistus",
        "website_checked_at": "2026-09-19",
        "lipas_url": "https://lipas.fi/liikuntapaikat/612462",
        "address": "Vasikkaniementie 1, 34600 Ruovesi",
        "address_source": "https://lipas.fi/liikuntapaikka/612462",
        "address_checked_at": "2026-10-03"
      }
    },
    {
      "type": "Feature",
      "geometry": {
        "type": "Point",
        "coordinates": [
          22.2913,
          60.5713
        ]
      },
      "properties": {
        "lipas_id": "516520",
        "nimi": "Nummilammen talviuintipaikka",
        "kunta": "Rusko",
        "url": "https://lipas.fi/liikuntapaikat/516520",
        "maksullinen": "",
        "kertapääsy": "",
        "pukuhuone": "",
        "sauna": "",
        "huomio": "",
        "lipas_url": "https://lipas.fi/liikuntapaikat/516520",
        "address": "Nummilammentie, 21290 Rusko",
        "address_source": "https://lipas.fi/liikuntapaikka/516520",
        "address_checked_at": "2026-10-03"
      }
    },
    {
      "type": "Feature",
      "geometry": {
        "type": "Point",
        "coordinates": [
          29.6271,
          62.3315
        ]
      },
      "properties": {
        "lipas_id": "516616",
        "nimi": "Paksuniemen talviuintipaikka",
        "kunta": "Rääkkylä",
        "url": "https://lipas.fi/liikuntapaikat/516616",
        "maksullinen": "",
        "kertapääsy": "",
        "pukuhuone": "",
        "sauna": "",
        "huomio": "",
        "lipas_url": "https://lipas.fi/liikuntapaikat/516616",
        "address": "Paksuniementie 214",
        "address_source": "",
        "address_checked_at": ""
      }
    },
    {
      "type": "Feature",
      "geometry": {
        "type": "Point",
        "coordinates": [
          25.2701,
          62.704
        ]
      },
      "properties": {
        "lipas_id": "511365",
        "nimi": "Kunnantuvan talviuintipaikka",
        "kunta": "Saarijärvi",
        "url": "https://lipas.fi/liikuntapaikat/511365",
        "maksullinen": "",
        "kertapääsy": "",
        "pukuhuone": "",
        "sauna": "",
        "huomio": "",
        "lipas_url": "https://lipas.fi/liikuntapaikat/511365",
        "address": "Paavontie 4, 43100 Saarijärvi",
        "address_source": "https://lipas.fi/liikuntapaikka/511365",
        "address_checked_at": "2026-10-03"
      }
    },
    {
      "type": "Feature",
      "geometry": {
        "type": "Point",
        "coordinates": [
          28.6899,
          66.8454
        ]
      },
      "properties": {
        "lipas_id": "611774",
        "nimi": "Ruuhijärven talviuintipaikka",
        "kunta": "Salla",
        "url": "https://lipas.fi/liikuntapaikat/611774",
        "maksullinen": "",
        "kertapääsy": "",
        "pukuhuone": "",
        "sauna": "",
        "huomio": "",
        "lipas_url": "https://lipas.fi/liikuntapaikat/611774",
        "address": "Saijantie 6, Salla",
        "address_source": "",
        "address_checked_at": ""
      }
    },
    {
      "type": "Feature",
      "geometry": {
        "type": "Point",
        "coordinates": [
          23.5947,
          60.4323
        ]
      },
      "properties": {
        "lipas_id": "510764",
        "nimi": "Härjänvatsan talviuintipaikka",
        "kunta": "Salo",
        "url": "https://lipas.fi/liikuntapaikat/510764",
        "maksullinen": "",
        "kertapääsy": "",
        "pukuhuone": "",
        "sauna": "",
        "huomio": "",
        "website": "https://salo.fi/vapaa-aika-ja-matkailu/liikunta/ulkoliikuntapaikat/uimarannat/talviuinti/",
        "website_source": "LIPAS www + sisältötarkistus",
        "website_checked_at": "2026-09-19",
        "lipas_url": "https://lipas.fi/liikuntapaikat/510764",
        "address": "Silvantie 2, Kiikala",
        "address_source": "",
        "address_checked_at": ""
      }
    },
    {
      "type": "Feature",
      "geometry": {
        "type": "Point",
        "coordinates": [
          22.9455,
          60.3186
        ]
      },
      "properties": {
        "lipas_id": "510765",
        "nimi": "Kokkilan talviuintipaikka",
        "kunta": "Salo",
        "url": "https://lipas.fi/liikuntapaikat/510765",
        "maksullinen": "",
        "kertapääsy": "",
        "pukuhuone": "",
        "sauna": "",
        "huomio": "",
        "lipas_url": "https://lipas.fi/liikuntapaikat/510765",
        "address": "Kokkilantie 880, 25230 Angelniemi",
        "address_source": "https://lipas.fi/liikuntapaikka/510765",
        "address_checked_at": "2026-10-03"
      }
    },
    {
      "type": "Feature",
      "geometry": {
        "type": "Point",
        "coordinates": [
          23.0497,
          60.4453
        ]
      },
      "properties": {
        "lipas_id": "510768",
        "nimi": "Märynummen talviuintipaikka",
        "kunta": "Salo",
        "url": "https://lipas.fi/liikuntapaikat/510768",
        "maksullinen": "",
        "kertapääsy": "",
        "pukuhuone": "",
        "sauna": "",
        "huomio": "",
        "website": "https://salo.fi/vapaa-aika-ja-matkailu/liikunta/ulkoliikuntapaikat/uimarannat/talviuinti/",
        "website_source": "LIPAS www + sisältötarkistus",
        "website_checked_at": "2026-09-19",
        "lipas_url": "https://lipas.fi/liikuntapaikat/510768",
        "address": "Hirvitie 92, Märynummi, Halikko",
        "address_source": "",
        "address_checked_at": ""
      }
    },
    {
      "type": "Feature",
      "geometry": {
        "type": "Point",
        "coordinates": [
          23.2984,
          60.2556
        ]
      },
      "properties": {
        "lipas_id": "510770",
        "nimi": "Naarjärven talviuintipaikka",
        "kunta": "Salo",
        "url": "https://lipas.fi/liikuntapaikat/510770",
        "maksullinen": "",
        "kertapääsy": "",
        "pukuhuone": "",
        "sauna": "",
        "huomio": "",
        "website": "https://salo.fi/vapaa-aika-ja-matkailu/liikunta/ulkoliikuntapaikat/uimarannat/talviuinti/",
        "website_source": "LIPAS www + sisältötarkistus",
        "website_checked_at": "2026-09-19",
        "lipas_url": "https://lipas.fi/liikuntapaikat/510770",
        "address": "Uimarannantie 245, Knaapila, Perniö",
        "address_source": "",
        "address_checked_at": ""
      }
    },
    {
      "type": "Feature",
      "geometry": {
        "type": "Point",
        "coordinates": [
          23.2468,
          60.5858
        ]
      },
      "properties": {
        "lipas_id": "510773",
        "nimi": "Nummijärven talviuintipaikka",
        "kunta": "Salo",
        "url": "https://lipas.fi/liikuntapaikat/510773",
        "maksullinen": "",
        "kertapääsy": "",
        "pukuhuone": "",
        "sauna": "",
        "huomio": "",
        "website": "https://salo.fi/vapaa-aika-ja-matkailu/liikunta/ulkoliikuntapaikat/uimarannat/talviuinti/",
        "website_source": "LIPAS www + sisältötarkistus",
        "website_checked_at": "2026-09-19",
        "lipas_url": "https://lipas.fi/liikuntapaikat/510773",
        "address": "Järvitie 91, Kuusjoki",
        "address_source": "",
        "address_checked_at": ""
      }
    },
    {
      "type": "Feature",
      "geometry": {
        "type": "Point",
        "coordinates": [
          23.3852,
          60.4275
        ]
      },
      "properties": {
        "lipas_id": "510774",
        "nimi": "Varvojärven talviuintipaikka",
        "kunta": "Salo",
        "url": "https://lipas.fi/liikuntapaikat/510774",
        "maksullinen": "",
        "kertapääsy": "",
        "pukuhuone": "",
        "sauna": "",
        "huomio": "",
        "lipas_url": "https://lipas.fi/liikuntapaikat/510774",
        "address": "Varvontie 478, Pertteli",
        "address_source": "",
        "address_checked_at": ""
      }
    },
    {
      "type": "Feature",
      "geometry": {
        "type": "Point",
        "coordinates": [
          22.6085,
          61.4259
        ]
      },
      "properties": {
        "lipas_id": "529931",
        "nimi": "Rajalahden rantasauna / talviuintipaikka",
        "kunta": "Sastamala",
        "url": "https://lipas.fi/liikuntapaikat/529931",
        "maksullinen": "",
        "kertapääsy": "",
        "pukuhuone": "",
        "sauna": "",
        "huomio": "",
        "lipas_url": "https://lipas.fi/liikuntapaikat/529931",
        "address": "Rajalahdentie 45, 38360 Sastamala",
        "address_source": "",
        "address_checked_at": ""
      }
    },
    {
      "type": "Feature",
      "geometry": {
        "type": "Point",
        "coordinates": [
          22.9334,
          61.3406
        ]
      },
      "properties": {
        "lipas_id": "518381",
        "nimi": "Vammalan rantasauna / talviuintipaikka",
        "kunta": "Sastamala",
        "url": "https://lipas.fi/liikuntapaikat/518381",
        "maksullinen": "",
        "kertapääsy": "",
        "pukuhuone": "",
        "sauna": "",
        "huomio": "",
        "lipas_url": "https://lipas.fi/liikuntapaikat/518381",
        "address": "Iisankatu 6, 38200 Sastamala",
        "address_source": "",
        "address_checked_at": ""
      }
    },
    {
      "type": "Feature",
      "geometry": {
        "type": "Point",
        "coordinates": [
          22.5812,
          60.276
        ]
      },
      "properties": {
        "lipas_id": "511822",
        "nimi": "Kalliorannan talviuintipaikka",
        "kunta": "Sauvo",
        "url": "https://lipas.fi/liikuntapaikat/511822",
        "maksullinen": "",
        "kertapääsy": "",
        "pukuhuone": "",
        "sauna": "",
        "huomio": "",
        "lipas_url": "https://lipas.fi/liikuntapaikat/511822",
        "address": "Nuorisotalontie 5, 21590 Karuna",
        "address_source": "",
        "address_checked_at": ""
      }
    },
    {
      "type": "Feature",
      "geometry": {
        "type": "Point",
        "coordinates": [
          29.3863,
          61.7515
        ]
      },
      "properties": {
        "lipas_id": "511670",
        "nimi": "Punkaharjun avantouintipaikka",
        "kunta": "Savonlinna",
        "url": "https://lipas.fi/liikuntapaikat/511670",
        "maksullinen": "",
        "kertapääsy": "",
        "pukuhuone": "",
        "sauna": "",
        "huomio": "",
        "website": "https://www.savonlinna.fi/asukas/liikunta-ja-ulkoilu/punkaharjun-liikuntapalvelut/liikuntapaikat/",
        "website_source": "LIPAS www + sisältötarkistus",
        "website_checked_at": "2026-09-19",
        "lipas_url": "https://lipas.fi/liikuntapaikat/511670",
        "address": "Urheilutie, 58500 Punkaharju",
        "address_source": "https://lipas.fi/liikuntapaikka/511670",
        "address_checked_at": "2026-10-03"
      }
    },
    {
      "type": "Feature",
      "geometry": {
        "type": "Point",
        "coordinates": [
          22.8386,
          62.7769
        ]
      },
      "properties": {
        "lipas_id": "511598",
        "nimi": "Sahanlammen talviuintipaikka",
        "kunta": "Seinäjoki",
        "url": "https://lipas.fi/liikuntapaikat/511598",
        "maksullinen": "",
        "kertapääsy": "",
        "pukuhuone": "",
        "sauna": "",
        "huomio": "",
        "lipas_url": "https://lipas.fi/liikuntapaikat/511598",
        "address": "Vapaudentie 4, 60100 Seinäjoki",
        "address_source": "https://lipas.fi/liikuntapaikka/511598",
        "address_checked_at": "2026-10-03"
      }
    },
    {
      "type": "Feature",
      "geometry": {
        "type": "Point",
        "coordinates": [
          22.9122,
          62.7961
        ]
      },
      "properties": {
        "lipas_id": "511613",
        "nimi": "Tanelinrannan talviuintipaikka",
        "kunta": "Seinäjoki",
        "url": "https://lipas.fi/liikuntapaikat/511613",
        "maksullinen": "",
        "kertapääsy": "",
        "pukuhuone": "",
        "sauna": "",
        "huomio": "",
        "lipas_url": "https://lipas.fi/liikuntapaikat/511613",
        "address": "Lampitie 10, 60510 Hyllykallio",
        "address_source": "",
        "address_checked_at": ""
      }
    },
    {
      "type": "Feature",
      "geometry": {
        "type": "Point",
        "coordinates": [
          23.0475,
          62.7694
        ]
      },
      "properties": {
        "lipas_id": "511628",
        "nimi": "Venekosken talviuintipaikka",
        "kunta": "Seinäjoki",
        "url": "https://lipas.fi/liikuntapaikat/511628",
        "maksullinen": "",
        "kertapääsy": "",
        "pukuhuone": "",
        "sauna": "",
        "huomio": "",
        "lipas_url": "https://lipas.fi/liikuntapaikat/511628",
        "address": "Kuortaneentie 905, 60640 Isokoski",
        "address_source": "",
        "address_checked_at": ""
      }
    },
    {
      "type": "Feature",
      "geometry": {
        "type": "Point",
        "coordinates": [
          21.8386,
          61.8873
        ]
      },
      "properties": {
        "lipas_id": "612472",
        "nimi": "Eteläpään talviuintipaikka",
        "kunta": "Siikainen",
        "url": "https://lipas.fi/liikuntapaikat/612472",
        "maksullinen": "",
        "kertapääsy": "",
        "pukuhuone": "",
        "sauna": "",
        "huomio": "",
        "lipas_url": "https://lipas.fi/liikuntapaikat/612472",
        "address": "Eteläpääntie 2, 29810 Siikainen",
        "address_source": "https://lipas.fi/liikuntapaikka/612472",
        "address_checked_at": "2026-10-03"
      }
    },
    {
      "type": "Feature",
      "geometry": {
        "type": "Point",
        "coordinates": [
          25.0729,
          64.6681
        ]
      },
      "properties": {
        "lipas_id": "510982",
        "nimi": "Hietamaan talviuintipaikka",
        "kunta": "Siikajoki",
        "url": "https://lipas.fi/liikuntapaikat/510982",
        "maksullinen": "",
        "kertapääsy": "",
        "pukuhuone": "",
        "sauna": "",
        "huomio": "",
        "website": "https://www.siikajoki.fi/talviuinti",
        "website_source": "LIPAS www + sisältötarkistus",
        "website_checked_at": "2026-09-19",
        "lipas_url": "https://lipas.fi/liikuntapaikat/510982",
        "address": "Hietamaantie 96, 92400 Ruukki",
        "address_source": "",
        "address_checked_at": ""
      }
    },
    {
      "type": "Feature",
      "geometry": {
        "type": "Point",
        "coordinates": [
          26.2198,
          64.3659
        ]
      },
      "properties": {
        "lipas_id": "613891",
        "nimi": "Kangasjärven avanto",
        "kunta": "Siikalatva",
        "url": "https://lipas.fi/liikuntapaikat/613891",
        "maksullinen": "",
        "kertapääsy": "",
        "pukuhuone": "",
        "sauna": "",
        "huomio": "",
        "lipas_url": "https://lipas.fi/liikuntapaikat/613891",
        "address": "Temmestie 374, 92700 Kestilä",
        "address_source": "https://siikalatva.fi/?p=58421",
        "address_checked_at": "2026-10-03"
      }
    },
    {
      "type": "Feature",
      "geometry": {
        "type": "Point",
        "coordinates": [
          26.2202,
          64.3659
        ]
      },
      "properties": {
        "lipas_id": "612273",
        "nimi": "Kangasjärven talviuintipaikka",
        "kunta": "Siikalatva",
        "url": "https://lipas.fi/liikuntapaikat/612273",
        "maksullinen": "",
        "kertapääsy": "",
        "pukuhuone": "",
        "sauna": "",
        "huomio": "",
        "lipas_url": "https://lipas.fi/liikuntapaikat/612273",
        "address": "Temmestie 374, 92700 Kestilä",
        "address_source": "https://siikalatva.fi/?p=58421",
        "address_checked_at": "2026-10-03"
      }
    },
    {
      "type": "Feature",
      "geometry": {
        "type": "Point",
        "coordinates": [
          25.6502,
          64.5172
        ]
      },
      "properties": {
        "lipas_id": "510940",
        "nimi": "Keinonkankaan talviuintipaikka",
        "kunta": "Siikalatva",
        "url": "https://lipas.fi/liikuntapaikat/510940",
        "maksullinen": "",
        "kertapääsy": "",
        "pukuhuone": "",
        "sauna": "",
        "huomio": "",
        "lipas_url": "https://lipas.fi/liikuntapaikat/510940",
        "address": "Iisalmentie 1826, 92620 Siikalatva",
        "address_source": "https://siikalatva.fi/?p=58421",
        "address_checked_at": "2026-10-03"
      }
    },
    {
      "type": "Feature",
      "geometry": {
        "type": "Point",
        "coordinates": [
          25.9316,
          64.2014
        ]
      },
      "properties": {
        "lipas_id": "613890",
        "nimi": "Paskokankaan avanto",
        "kunta": "Siikalatva",
        "url": "https://lipas.fi/liikuntapaikat/613890",
        "maksullinen": "",
        "kertapääsy": "",
        "pukuhuone": "",
        "sauna": "",
        "huomio": "",
        "lipas_url": "https://lipas.fi/liikuntapaikat/613890",
        "address": "",
        "address_source": "",
        "address_checked_at": ""
      }
    },
    {
      "type": "Feature",
      "geometry": {
        "type": "Point",
        "coordinates": [
          25.9317,
          64.2015
        ]
      },
      "properties": {
        "lipas_id": "510950",
        "nimi": "Paskokankaan talviuintipaikka",
        "kunta": "Siikalatva",
        "url": "https://lipas.fi/liikuntapaikat/510950",
        "maksullinen": "",
        "kertapääsy": "",
        "pukuhuone": "",
        "sauna": "",
        "huomio": "",
        "lipas_url": "https://lipas.fi/liikuntapaikat/510950",
        "address": "",
        "address_source": "",
        "address_checked_at": ""
      }
    },
    {
      "type": "Feature",
      "geometry": {
        "type": "Point",
        "coordinates": [
          27.6709,
          63.0731
        ]
      },
      "properties": {
        "lipas_id": "612288",
        "nimi": "Avantosauna Lauteet",
        "kunta": "Siilinjärvi",
        "url": "https://lipas.fi/liikuntapaikat/612288",
        "maksullinen": "",
        "kertapääsy": "",
        "pukuhuone": "",
        "sauna": "",
        "huomio": "",
        "website": "https://lauteetsauna.fi/",
        "website_source": "LIPAS www + sisältötarkistus",
        "website_checked_at": "2026-09-19",
        "lipas_url": "https://lipas.fi/liikuntapaikat/612288",
        "address": "Jokisuuntie 16, 71800 Siilinjärvi",
        "address_source": "",
        "address_checked_at": ""
      }
    },
    {
      "type": "Feature",
      "geometry": {
        "type": "Point",
        "coordinates": [
          27.6809,
          63.065
        ]
      },
      "properties": {
        "lipas_id": "529932",
        "nimi": "Kanavatien talviuintipaikka",
        "kunta": "Siilinjärvi",
        "url": "https://lipas.fi/liikuntapaikat/529932",
        "maksullinen": "",
        "kertapääsy": "",
        "pukuhuone": "",
        "sauna": "",
        "huomio": "",
        "website": "https://www.siilinlatu.fi/talviuinti/",
        "website_source": "LIPAS www + sisältötarkistus",
        "website_checked_at": "2026-09-19",
        "lipas_url": "https://lipas.fi/liikuntapaikat/529932",
        "address": "",
        "address_source": "",
        "address_checked_at": ""
      }
    },
    {
      "type": "Feature",
      "geometry": {
        "type": "Point",
        "coordinates": [
          27.6718,
          63.0732
        ]
      },
      "properties": {
        "lipas_id": "510888",
        "nimi": "Siilinlahden talviuintipaikka",
        "kunta": "Siilinjärvi",
        "url": "https://lipas.fi/liikuntapaikat/510888",
        "maksullinen": "",
        "kertapääsy": "",
        "pukuhuone": "",
        "sauna": "",
        "huomio": "",
        "lipas_url": "https://lipas.fi/liikuntapaikat/510888",
        "address": "Jokisuuntie 16, 71800 Siilinjärvi",
        "address_source": "https://siilinjarvi.fi/wp-content/uploads/2025/05/Siilinlahden-uimavesiprofiili-5_2025.pdf",
        "address_checked_at": "2026-10-03"
      }
    },
    {
      "type": "Feature",
      "geometry": {
        "type": "Point",
        "coordinates": [
          27.6801,
          62.9829
        ]
      },
      "properties": {
        "lipas_id": "510889",
        "nimi": "Simpan talviuintipaikka",
        "kunta": "Siilinjärvi",
        "url": "https://lipas.fi/liikuntapaikat/510889",
        "maksullinen": "",
        "kertapääsy": "",
        "pukuhuone": "",
        "sauna": "",
        "huomio": "",
        "website": "https://siilinjarvi.fi/hyvinvointi-ja-vapaa-aika/liikuntapalvelut/liikuntapaikat/uimarannat/",
        "website_source": "LIPAS www + sisältötarkistus",
        "website_checked_at": "2026-09-19",
        "lipas_url": "https://lipas.fi/liikuntapaikat/510889",
        "address": "",
        "address_source": "",
        "address_checked_at": ""
      }
    },
    {
      "type": "Feature",
      "geometry": {
        "type": "Point",
        "coordinates": [
          24.9011,
          65.6495
        ]
      },
      "properties": {
        "lipas_id": "617315",
        "nimi": "Simoniemen avantouintipaikka",
        "kunta": "Simo",
        "url": "https://lipas.fi/liikuntapaikat/617315",
        "maksullinen": "",
        "kertapääsy": "",
        "pukuhuone": "",
        "sauna": "",
        "huomio": "",
        "lipas_url": "https://lipas.fi/liikuntapaikat/617315",
        "address": "Kalasatamantie 11, 95220 Simo",
        "address_source": "https://lipas.fi/liikuntapaikka/617315",
        "address_checked_at": "2026-10-03"
      }
    },
    {
      "type": "Feature",
      "geometry": {
        "type": "Point",
        "coordinates": [
          25.2946,
          60.2559
        ]
      },
      "properties": {
        "lipas_id": "610048",
        "nimi": "Gumbostrandin talviuintipaikka",
        "kunta": "Sipoo",
        "url": "https://lipas.fi/liikuntapaikat/610048",
        "maksullinen": "",
        "kertapääsy": "",
        "pukuhuone": "",
        "sauna": "",
        "huomio": "",
        "lipas_url": "https://lipas.fi/liikuntapaikat/610048",
        "address": "Gumbontie 219, 01150 Söderkulla",
        "address_source": "https://lipas.fi/liikuntapaikka/610048",
        "address_checked_at": "2026-10-03"
      }
    },
    {
      "type": "Feature",
      "geometry": {
        "type": "Point",
        "coordinates": [
          25.3443,
          60.3055
        ]
      },
      "properties": {
        "lipas_id": "510815",
        "nimi": "Taasjärven talviuintipaikka",
        "kunta": "Sipoo",
        "url": "https://lipas.fi/liikuntapaikat/510815",
        "maksullinen": "",
        "kertapääsy": "",
        "pukuhuone": "",
        "sauna": "",
        "huomio": "",
        "website": "https://www.sipoo.fi/asiointikanava/taasjarven-talviuintipaikka/",
        "website_source": "LIPAS www + sisältötarkistus",
        "website_checked_at": "2026-09-19",
        "lipas_url": "https://lipas.fi/liikuntapaikat/510815",
        "address": "Taasjärventie 40, 01150 Söderkulla",
        "address_source": "https://lipas.fi/liikuntapaikka/510815",
        "address_checked_at": "2026-10-03"
      }
    },
    {
      "type": "Feature",
      "geometry": {
        "type": "Point",
        "coordinates": [
          24.3007,
          60.0809
        ]
      },
      "properties": {
        "lipas_id": "510758",
        "nimi": "Störsvikin talviuintipaikka",
        "kunta": "Siuntio",
        "url": "https://lipas.fi/liikuntapaikat/510758",
        "maksullinen": "",
        "kertapääsy": "",
        "pukuhuone": "",
        "sauna": "",
        "huomio": "",
        "website": "https://www.siuntio.fi/vapaa-aika-ja-liikunta/liikunta-ja-ulkoilu/uimarannat/",
        "website_source": "LIPAS www + sisältötarkistus",
        "website_checked_at": "2026-09-19",
        "lipas_url": "https://lipas.fi/liikuntapaikat/510758",
        "address": "Kotilahden satama, 02580 Siuntio",
        "address_source": "https://lipas.fi/liikuntapaikka/510758",
        "address_checked_at": "2026-10-03"
      }
    },
    {
      "type": "Feature",
      "geometry": {
        "type": "Point",
        "coordinates": [
          26.6268,
          67.5078
        ]
      },
      "properties": {
        "lipas_id": "612354",
        "nimi": "Keppi-Villen rannan avanto",
        "kunta": "Sodankylä",
        "url": "https://lipas.fi/liikuntapaikat/612354",
        "maksullinen": "",
        "kertapääsy": "",
        "pukuhuone": "",
        "sauna": "",
        "huomio": "",
        "lipas_url": "https://lipas.fi/liikuntapaikat/612354",
        "address": "Saarentie, 99650 Sattanen",
        "address_source": "https://lipas.fi/liikuntapaikka/612354",
        "address_checked_at": "2026-10-03"
      }
    },
    {
      "type": "Feature",
      "geometry": {
        "type": "Point",
        "coordinates": [
          26.7014,
          67.4338
        ]
      },
      "properties": {
        "lipas_id": "510703",
        "nimi": "Kommatin talviuimapaikka",
        "kunta": "Sodankylä",
        "url": "https://lipas.fi/liikuntapaikat/510703",
        "maksullinen": "",
        "kertapääsy": "",
        "pukuhuone": "",
        "sauna": "",
        "huomio": "",
        "lipas_url": "https://lipas.fi/liikuntapaikat/510703",
        "address": "Kommatintie 25, 99600 Sodankylä",
        "address_source": "https://lipas.fi/liikuntapaikka/510703",
        "address_checked_at": "2026-10-03"
      }
    },
    {
      "type": "Feature",
      "geometry": {
        "type": "Point",
        "coordinates": [
          27.5227,
          63.6881
        ]
      },
      "properties": {
        "lipas_id": "612355",
        "nimi": "Kangaslammin avantouintipaikka",
        "kunta": "Sonkajärvi",
        "url": "https://lipas.fi/liikuntapaikat/612355",
        "maksullinen": "",
        "kertapääsy": "",
        "pukuhuone": "",
        "sauna": "",
        "huomio": "",
        "lipas_url": "https://lipas.fi/liikuntapaikat/612355",
        "address": "Sonkakoskentie 205, 74300 Sonkajärvi",
        "address_source": "https://lipas.fi/liikuntapaikka/612355",
        "address_checked_at": "2026-10-03"
      }
    },
    {
      "type": "Feature",
      "geometry": {
        "type": "Point",
        "coordinates": [
          28.3931,
          64.1317
        ]
      },
      "properties": {
        "lipas_id": "98542",
        "nimi": "Sotkamon kunnan avantouintipaikka",
        "kunta": "Sotkamo",
        "url": "https://lipas.fi/liikuntapaikat/98542",
        "maksullinen": "",
        "kertapääsy": "",
        "pukuhuone": "",
        "sauna": "",
        "huomio": "",
        "website": "https://www.sotkamo.fi/vapaa-aika-ja-liikunta/liikuntapalvelut/liikuntapaikat/talviuintipaikka/",
        "website_source": "LIPAS www + sisältötarkistus",
        "website_checked_at": "2026-09-19",
        "lipas_url": "https://lipas.fi/liikuntapaikat/98542",
        "address": "Niemeläntie 1a, 88600 Sotkamo",
        "address_source": "",
        "address_checked_at": ""
      }
    },
    {
      "type": "Feature",
      "geometry": {
        "type": "Point",
        "coordinates": [
          28.9122,
          64.8856
        ]
      },
      "properties": {
        "lipas_id": "98518",
        "nimi": "Jalonuoman talviuintipaikka",
        "kunta": "Suomussalmi",
        "url": "https://lipas.fi/liikuntapaikat/98518",
        "maksullinen": "",
        "kertapääsy": "",
        "pukuhuone": "",
        "sauna": "",
        "huomio": "",
        "lipas_url": "https://lipas.fi/liikuntapaikat/98518",
        "address": "Jalonkatu 1A, 89600 Suomussalmi",
        "address_source": "https://lipas.fi/liikuntapaikka/98518",
        "address_checked_at": "2026-10-03"
      }
    },
    {
      "type": "Feature",
      "geometry": {
        "type": "Point",
        "coordinates": [
          27.1268,
          62.6193
        ]
      },
      "properties": {
        "lipas_id": "529852",
        "nimi": "Soitunlahden avantouintipaikka",
        "kunta": "Suonenjoki",
        "url": "https://lipas.fi/liikuntapaikat/529852",
        "maksullinen": "",
        "kertapääsy": "",
        "pukuhuone": "",
        "sauna": "",
        "huomio": "",
        "website": "https://suonenjoenlatu.fi/toiminta/avantouinti/",
        "website_source": "LIPAS www + sisältötarkistus",
        "website_checked_at": "2026-09-19",
        "lipas_url": "https://lipas.fi/liikuntapaikat/529852",
        "address": "Satamakatu",
        "address_source": "",
        "address_checked_at": ""
      }
    },
    {
      "type": "Feature",
      "geometry": {
        "type": "Point",
        "coordinates": [
          25.6941,
          61.4977
        ]
      },
      "properties": {
        "lipas_id": "510370",
        "nimi": "Sysmän leirintäalueen talviuintipaikka",
        "kunta": "Sysmä",
        "url": "https://lipas.fi/liikuntapaikat/510370",
        "maksullinen": "",
        "kertapääsy": "",
        "pukuhuone": "",
        "sauna": "",
        "huomio": "",
        "website": "https://sysma.fi/avantouinti/",
        "website_source": "LIPAS www + sisältötarkistus",
        "website_checked_at": "2026-09-19",
        "lipas_url": "https://lipas.fi/liikuntapaikat/510370",
        "address": "Huitilantie 3",
        "address_source": "",
        "address_checked_at": ""
      }
    },
    {
      "type": "Feature",
      "geometry": {
        "type": "Point",
        "coordinates": [
          22.3213,
          61.0462
        ]
      },
      "properties": {
        "lipas_id": "510348",
        "nimi": "Katismaan talviuintipaikka",
        "kunta": "Säkylä",
        "url": "https://lipas.fi/liikuntapaikat/510348",
        "maksullinen": "",
        "kertapääsy": "",
        "pukuhuone": "",
        "sauna": "",
        "huomio": "",
        "website": "https://katismaansaari.fi/",
        "website_source": "LIPAS www + sisältötarkistus",
        "website_checked_at": "2026-09-19",
        "lipas_url": "https://lipas.fi/liikuntapaikat/510348",
        "address": "Katismaantie 13, 27800 Säkylä",
        "address_source": "https://lipas.fi/liikuntapaikka/510348",
        "address_checked_at": "2026-10-03"
      }
    },
    {
      "type": "Feature",
      "geometry": {
        "type": "Point",
        "coordinates": [
          28.2478,
          65.5802
        ]
      },
      "properties": {
        "lipas_id": "609500",
        "nimi": "Siikalammen talviuintipaikka",
        "kunta": "Taivalkoski",
        "url": "https://lipas.fi/liikuntapaikat/609500",
        "maksullinen": "",
        "kertapääsy": "",
        "pukuhuone": "",
        "sauna": "",
        "huomio": "",
        "lipas_url": "https://lipas.fi/liikuntapaikat/609500",
        "address": "Rantatie 5, 93400 Taivalkoski",
        "address_source": "",
        "address_checked_at": ""
      }
    },
    {
      "type": "Feature",
      "geometry": {
        "type": "Point",
        "coordinates": [
          23.7901,
          60.7228
        ]
      },
      "properties": {
        "lipas_id": "612473",
        "nimi": "Eerikkilän talviuintipaikka",
        "kunta": "Tammela",
        "url": "https://lipas.fi/liikuntapaikat/612473",
        "maksullinen": "",
        "kertapääsy": "",
        "pukuhuone": "",
        "sauna": "",
        "huomio": "",
        "lipas_url": "https://lipas.fi/liikuntapaikat/612473",
        "address": "Urheiluopistontie 138",
        "address_source": "",
        "address_checked_at": ""
      }
    },
    {
      "type": "Feature",
      "geometry": {
        "type": "Point",
        "coordinates": [
          23.8938,
          61.4758
        ]
      },
      "properties": {
        "lipas_id": "510088",
        "nimi": "Kaukajärven talviuintipaikka",
        "kunta": "Tampere",
        "url": "https://lipas.fi/liikuntapaikat/510088",
        "maksullinen": "",
        "kertapääsy": "",
        "pukuhuone": "",
        "sauna": "",
        "huomio": "",
        "website": "https://www.kaukajarvensauna.fi/",
        "website_source": "LIPAS www + sisältötarkistus",
        "website_checked_at": "2026-09-19",
        "lipas_url": "https://lipas.fi/liikuntapaikat/510088",
        "address": "Kangasalantie 80, 33730 Tampere",
        "address_source": "https://www.suomi.fi/services/servicepoint/kaukajarvi-beach-city-of-tampere/901777fb-b909-4866-81c4-b3c38037c7ce",
        "address_checked_at": "2026-10-03"
      }
    },
    {
      "type": "Feature",
      "geometry": {
        "type": "Point",
        "coordinates": [
          23.8042,
          61.5151
        ]
      },
      "properties": {
        "lipas_id": "510089",
        "nimi": "Kaupinojan talviuintipaikka",
        "kunta": "Tampere",
        "url": "https://lipas.fi/liikuntapaikat/510089",
        "maksullinen": "",
        "kertapääsy": "",
        "pukuhuone": "",
        "sauna": "",
        "huomio": "",
        "lipas_url": "https://lipas.fi/liikuntapaikat/510089",
        "address": "Kaupinpuistonkatu 1A, 33500 Tampere",
        "address_source": "https://www.suomi.fi:443/services/servicepoint/kaupinoja-winter-swimming-place-city-of-tampere/b779aa81-342e-453a-a7c0-edab658cc0c2",
        "address_checked_at": "2026-10-03"
      }
    },
    {
      "type": "Feature",
      "geometry": {
        "type": "Point",
        "coordinates": [
          23.7557,
          61.5046
        ]
      },
      "properties": {
        "lipas_id": "98524",
        "nimi": "Mältinrannan talviuintipaikka",
        "kunta": "Tampere",
        "url": "https://lipas.fi/liikuntapaikat/98524",
        "maksullinen": "",
        "kertapääsy": "",
        "pukuhuone": "",
        "sauna": "",
        "huomio": "",
        "website": "https://www.tampere.fi/liikunta/liikuntapaikat/talviuintipaikat",
        "website_source": "LIPAS www + sisältötarkistus",
        "website_checked_at": "2026-09-19",
        "lipas_url": "https://lipas.fi/liikuntapaikat/98524",
        "address": "Kuninkaankatu 2 D, Tampere",
        "address_source": "",
        "address_checked_at": ""
      }
    },
    {
      "type": "Feature",
      "geometry": {
        "type": "Point",
        "coordinates": [
          23.7466,
          61.4486
        ]
      },
      "properties": {
        "lipas_id": "510090",
        "nimi": "Peltolammin talviuintipaikka",
        "kunta": "Tampere",
        "url": "https://lipas.fi/liikuntapaikat/510090",
        "maksullinen": "",
        "kertapääsy": "",
        "pukuhuone": "",
        "sauna": "",
        "huomio": "",
        "website": "https://www.tampere.fi/liikunta/liikuntapaikat/talviuintipaikat",
        "website_source": "LIPAS www + sisältötarkistus",
        "website_checked_at": "2026-09-19",
        "lipas_url": "https://lipas.fi/liikuntapaikat/510090",
        "address": "Rukkamäentie 20, Tampere",
        "address_source": "",
        "address_checked_at": ""
      }
    },
    {
      "type": "Feature",
      "geometry": {
        "type": "Point",
        "coordinates": [
          23.7865,
          61.5154
        ]
      },
      "properties": {
        "lipas_id": "510087",
        "nimi": "Rauhanniemen talviuintipaikka",
        "kunta": "Tampere",
        "url": "https://lipas.fi/liikuntapaikat/510087",
        "maksullinen": "",
        "kertapääsy": "",
        "pukuhuone": "",
        "sauna": "",
        "huomio": "",
        "website": "https://rauhaniemi.net/",
        "website_source": "LIPAS www + sisältötarkistus",
        "website_checked_at": "2026-09-19",
        "lipas_url": "https://lipas.fi/liikuntapaikat/510087",
        "address": "Rauhaniementie 24, Tampere",
        "address_source": "",
        "address_checked_at": ""
      }
    },
    {
      "type": "Feature",
      "geometry": {
        "type": "Point",
        "coordinates": [
          23.8927,
          61.4723
        ]
      },
      "properties": {
        "lipas_id": "510086",
        "nimi": "Riihiniemen talviuintipaikka",
        "kunta": "Tampere",
        "url": "https://lipas.fi/liikuntapaikat/510086",
        "maksullinen": "",
        "kertapääsy": "",
        "pukuhuone": "",
        "sauna": "",
        "huomio": "",
        "website": "https://www.tampere.fi/liikunta/liikuntapaikat/talviuintipaikat",
        "website_source": "LIPAS www + sisältötarkistus",
        "website_checked_at": "2026-09-19",
        "lipas_url": "https://lipas.fi/liikuntapaikat/510086",
        "address": "Järvikatu 14, Tampere",
        "address_source": "",
        "address_checked_at": ""
      }
    },
    {
      "type": "Feature",
      "geometry": {
        "type": "Point",
        "coordinates": [
          23.8352,
          61.4425
        ]
      },
      "properties": {
        "lipas_id": "510091",
        "nimi": "Suolijärven talviuintipaikka",
        "kunta": "Tampere",
        "url": "https://lipas.fi/liikuntapaikat/510091",
        "maksullinen": "",
        "kertapääsy": "",
        "pukuhuone": "",
        "sauna": "",
        "huomio": "",
        "website": "https://juttusauna.fi/suolijarven-sauna/",
        "website_source": "LIPAS www + sisältötarkistus",
        "website_checked_at": "2026-09-19",
        "lipas_url": "https://lipas.fi/liikuntapaikat/510091",
        "address": "Suolijärvenkatu 5, Tampere",
        "address_source": "",
        "address_checked_at": ""
      }
    },
    {
      "type": "Feature",
      "geometry": {
        "type": "Point",
        "coordinates": [
          23.7057,
          61.5365
        ]
      },
      "properties": {
        "lipas_id": "510085",
        "nimi": "Suomensaaren talviuintipaikka",
        "kunta": "Tampere",
        "url": "https://lipas.fi/liikuntapaikat/510085",
        "maksullinen": "",
        "kertapääsy": "",
        "pukuhuone": "",
        "sauna": "",
        "huomio": "",
        "website": "https://lielahdenkipina.fi/suomensaarensauna/",
        "website_source": "LIPAS www + sisältötarkistus",
        "website_checked_at": "2026-09-19",
        "lipas_url": "https://lipas.fi/liikuntapaikat/510085",
        "address": "Suomensaarenkatu 7, Tampere",
        "address_source": "",
        "address_checked_at": ""
      }
    },
    {
      "type": "Feature",
      "geometry": {
        "type": "Point",
        "coordinates": [
          23.6396,
          61.5113
        ]
      },
      "properties": {
        "lipas_id": "510092",
        "nimi": "Tohlopin talviuintipaikka",
        "kunta": "Tampere",
        "url": "https://lipas.fi/liikuntapaikat/510092",
        "maksullinen": "",
        "kertapääsy": "",
        "pukuhuone": "",
        "sauna": "",
        "huomio": "",
        "website": "https://sites.google.com/view/tohlopinuimaseura",
        "website_source": "LIPAS www + sisältötarkistus",
        "website_checked_at": "2026-09-19",
        "lipas_url": "https://lipas.fi/liikuntapaikat/510092",
        "address": "Pyydyspohjankatu 1, Tampere",
        "address_source": "",
        "address_checked_at": ""
      }
    },
    {
      "type": "Feature",
      "geometry": {
        "type": "Point",
        "coordinates": [
          21.828,
          62.4278
        ]
      },
      "properties": {
        "lipas_id": "612474",
        "nimi": "Parran talviuintipaikka",
        "kunta": "Teuva",
        "url": "https://lipas.fi/liikuntapaikat/612474",
        "maksullinen": "",
        "kertapääsy": "",
        "pukuhuone": "",
        "sauna": "",
        "huomio": "",
        "lipas_url": "https://lipas.fi/liikuntapaikat/612474",
        "address": "Parrantie 27, 64700 Teuva",
        "address_source": "",
        "address_checked_at": ""
      }
    },
    {
      "type": "Feature",
      "geometry": {
        "type": "Point",
        "coordinates": [
          30.5698,
          62.2168
        ]
      },
      "properties": {
        "lipas_id": "612476",
        "nimi": "Harkkolammen talviuintipaikka",
        "kunta": "Tohmajärvi",
        "url": "https://lipas.fi/liikuntapaikat/612476",
        "maksullinen": "",
        "kertapääsy": "",
        "pukuhuone": "",
        "sauna": "",
        "huomio": "",
        "lipas_url": "https://lipas.fi/liikuntapaikat/612476",
        "address": "Harkontie 33, 82655 Värtsilä",
        "address_source": "https://lipas.fi/liikuntapaikka/612476",
        "address_checked_at": "2026-10-03"
      }
    },
    {
      "type": "Feature",
      "geometry": {
        "type": "Point",
        "coordinates": [
          26.089,
          62.1039
        ]
      },
      "properties": {
        "lipas_id": "525037",
        "nimi": "Uimalan avantouintipaikka",
        "kunta": "Toivakka",
        "url": "https://lipas.fi/liikuntapaikat/525037",
        "maksullinen": "",
        "kertapääsy": "",
        "pukuhuone": "",
        "sauna": "",
        "huomio": "",
        "lipas_url": "https://lipas.fi/liikuntapaikat/525037",
        "address": "Toivakantie 62, 41660 Toivakka",
        "address_source": "https://lipas.fi/liikuntapaikka/525037",
        "address_checked_at": "2026-10-03"
      }
    },
    {
      "type": "Feature",
      "geometry": {
        "type": "Point",
        "coordinates": [
          24.1522,
          65.8434
        ]
      },
      "properties": {
        "lipas_id": "518379",
        "nimi": "Tornion avantouintipaikka",
        "kunta": "Tornio",
        "url": "https://lipas.fi/liikuntapaikat/518379",
        "maksullinen": "",
        "kertapääsy": "",
        "pukuhuone": "",
        "sauna": "",
        "huomio": "",
        "lipas_url": "https://lipas.fi/liikuntapaikat/518379",
        "address": "Pakkahuoneenkatu, 95400 Tornio",
        "address_source": "https://lipas.fi/liikuntapaikka/518379",
        "address_checked_at": "2026-10-03"
      }
    },
    {
      "type": "Feature",
      "geometry": {
        "type": "Point",
        "coordinates": [
          22.2595,
          60.4143
        ]
      },
      "properties": {
        "lipas_id": "514516",
        "nimi": "Ispoisten talviuintipaikka",
        "kunta": "Turku",
        "url": "https://lipas.fi/liikuntapaikat/514516",
        "maksullinen": "",
        "kertapääsy": "",
        "pukuhuone": "",
        "sauna": "",
        "huomio": "",
        "website": "https://www.turku.fi/liikunta/uimarannat-ja-talviuinti",
        "website_source": "LIPAS www + sisältötarkistus",
        "website_checked_at": "2026-09-19",
        "lipas_url": "https://lipas.fi/liikuntapaikat/514516",
        "address": "",
        "address_source": "",
        "address_checked_at": ""
      }
    },
    {
      "type": "Feature",
      "geometry": {
        "type": "Point",
        "coordinates": [
          22.0925,
          60.4213
        ]
      },
      "properties": {
        "lipas_id": "514517",
        "nimi": "Saaronniemen talviuintipaikka",
        "kunta": "Turku",
        "url": "https://lipas.fi/liikuntapaikat/514517",
        "maksullinen": "",
        "kertapääsy": "",
        "pukuhuone": "",
        "sauna": "",
        "huomio": "",
        "website": "https://www.turku.fi/toimipaikat/saaronniemen-talviuinti",
        "website_source": "LIPAS www + sisältötarkistus",
        "website_checked_at": "2026-09-19",
        "lipas_url": "https://lipas.fi/liikuntapaikat/514517",
        "address": "Saarontie 59, Turku",
        "address_source": "",
        "address_checked_at": ""
      }
    },
    {
      "type": "Feature",
      "geometry": {
        "type": "Point",
        "coordinates": [
          22.1413,
          60.431
        ]
      },
      "properties": {
        "lipas_id": "529936",
        "nimi": "Saukkorannan talviuintipaikka",
        "kunta": "Turku",
        "url": "https://lipas.fi/liikuntapaikat/529936",
        "maksullinen": "",
        "kertapääsy": "",
        "pukuhuone": "",
        "sauna": "",
        "huomio": "",
        "website": "http://saaronniemensaukot.fi/",
        "website_source": "LIPAS www + sisältötarkistus",
        "website_checked_at": "2026-09-19",
        "lipas_url": "https://lipas.fi/liikuntapaikat/529936",
        "address": "",
        "address_source": "",
        "address_checked_at": ""
      }
    },
    {
      "type": "Feature",
      "geometry": {
        "type": "Point",
        "coordinates": [
          24.9632,
          60.55
        ]
      },
      "properties": {
        "lipas_id": "612369",
        "nimi": "Jokelan Koululammen talviuintipaikka",
        "kunta": "Tuusula",
        "url": "https://lipas.fi/liikuntapaikat/612369",
        "maksullinen": "",
        "kertapääsy": "",
        "pukuhuone": "",
        "sauna": "",
        "huomio": "",
        "website": "https://tuusula.fi/2025/10/20/talviuinti-kaynnistyy-viikonloppuna/",
        "website_source": "LIPAS www + sisältötarkistus",
        "website_checked_at": "2026-09-19",
        "lipas_url": "https://lipas.fi/liikuntapaikat/612369",
        "address": "Lammenkuja, Jokela",
        "address_source": "",
        "address_checked_at": ""
      }
    },
    {
      "type": "Feature",
      "geometry": {
        "type": "Point",
        "coordinates": [
          25.1034,
          60.5341
        ]
      },
      "properties": {
        "lipas_id": "612368",
        "nimi": "Kellokosken talviuintipaikka",
        "kunta": "Tuusula",
        "url": "https://lipas.fi/liikuntapaikat/612368",
        "maksullinen": "",
        "kertapääsy": "",
        "pukuhuone": "",
        "sauna": "",
        "huomio": "",
        "lipas_url": "https://lipas.fi/liikuntapaikat/612368",
        "address": "Saunarannankuja, Kellokoski",
        "address_source": "",
        "address_checked_at": ""
      }
    },
    {
      "type": "Feature",
      "geometry": {
        "type": "Point",
        "coordinates": [
          24.9889,
          60.4299
        ]
      },
      "properties": {
        "lipas_id": "608018",
        "nimi": "Rusutjärven talviuintipaikka",
        "kunta": "Tuusula",
        "url": "https://lipas.fi/liikuntapaikat/608018",
        "maksullinen": "",
        "kertapääsy": "",
        "pukuhuone": "",
        "sauna": "",
        "huomio": "",
        "website": "https://www.rusutjarviseura.fi/rusutjarven-uimaranta/",
        "website_source": "LIPAS www + sisältötarkistus",
        "website_checked_at": "2026-09-19",
        "lipas_url": "https://lipas.fi/liikuntapaikat/608018",
        "address": "Hiekkarannankuja 30",
        "address_source": "",
        "address_checked_at": ""
      }
    },
    {
      "type": "Feature",
      "geometry": {
        "type": "Point",
        "coordinates": [
          25.0298,
          60.3913
        ]
      },
      "properties": {
        "lipas_id": "612372",
        "nimi": "Urheilukeskuksen talviuintipaikka",
        "kunta": "Tuusula",
        "url": "https://lipas.fi/liikuntapaikat/612372",
        "maksullinen": "",
        "kertapääsy": "",
        "pukuhuone": "",
        "sauna": "",
        "huomio": "",
        "lipas_url": "https://lipas.fi/liikuntapaikat/612372",
        "address": "Kilpailukuja, Hyrylä",
        "address_source": "",
        "address_checked_at": ""
      }
    },
    {
      "type": "Feature",
      "geometry": {
        "type": "Point",
        "coordinates": [
          25.7991,
          64.7845
        ]
      },
      "properties": {
        "lipas_id": "618148",
        "nimi": "Rauhionojan talviuintipaikka",
        "kunta": "Tyrnävä",
        "url": "https://lipas.fi/liikuntapaikat/618148",
        "maksullinen": "",
        "kertapääsy": "",
        "pukuhuone": "",
        "sauna": "",
        "huomio": "",
        "lipas_url": "https://lipas.fi/liikuntapaikat/618148",
        "address": "Muhostie 90, 91800 Tyrnävä",
        "address_source": "",
        "address_checked_at": ""
      }
    },
    {
      "type": "Feature",
      "geometry": {
        "type": "Point",
        "coordinates": [
          23.447,
          61.0834
        ]
      },
      "properties": {
        "lipas_id": "516558",
        "nimi": "Urjalankylän talviuintipaikka, Kauniston ranta",
        "kunta": "Urjala",
        "url": "https://lipas.fi/liikuntapaikat/516558",
        "maksullinen": "",
        "kertapääsy": "",
        "pukuhuone": "",
        "sauna": "",
        "huomio": "",
        "lipas_url": "https://lipas.fi/liikuntapaikat/516558",
        "address": "Punkalaitumentie 536, 31720 Urjalankylä",
        "address_source": "https://lipas.fi/liikuntapaikka/516558",
        "address_checked_at": "2026-10-03"
      }
    },
    {
      "type": "Feature",
      "geometry": {
        "type": "Point",
        "coordinates": [
          21.3362,
          60.884
        ]
      },
      "properties": {
        "lipas_id": "529937",
        "nimi": "Haimion talviuintipaikka",
        "kunta": "Uusikaupunki",
        "url": "https://lipas.fi/liikuntapaikat/529937",
        "maksullinen": "",
        "kertapääsy": "",
        "pukuhuone": "",
        "sauna": "",
        "huomio": "",
        "website": "https://uusikaupunki.fi/fi/avantouinti",
        "website_source": "LIPAS www + sisältötarkistus",
        "website_checked_at": "2026-09-19",
        "lipas_url": "https://lipas.fi/liikuntapaikat/529937",
        "address": "Haimiontie 351, Uusikaupunki",
        "address_source": "https://visituusikaupunki.fi/en/sports-and-hobbies/winter-swimming-ice-swimming",
        "address_checked_at": "2026-10-03"
      }
    },
    {
      "type": "Feature",
      "geometry": {
        "type": "Point",
        "coordinates": [
          21.6654,
          60.7823
        ]
      },
      "properties": {
        "lipas_id": "529938",
        "nimi": "Kaukjärven talviuintipaikka",
        "kunta": "Uusikaupunki",
        "url": "https://lipas.fi/liikuntapaikat/529938",
        "maksullinen": "",
        "kertapääsy": "",
        "pukuhuone": "",
        "sauna": "",
        "huomio": "",
        "website": "https://uusikaupunki.fi/fi/avantouinti",
        "website_source": "LIPAS www + sisältötarkistus",
        "website_checked_at": "2026-09-19",
        "lipas_url": "https://lipas.fi/liikuntapaikat/529938",
        "address": "Kaukjärvenranta 8, 23500 Uusikaupunki",
        "address_source": "",
        "address_checked_at": ""
      }
    },
    {
      "type": "Feature",
      "geometry": {
        "type": "Point",
        "coordinates": [
          21.3357,
          60.8823
        ]
      },
      "properties": {
        "lipas_id": "518378",
        "nimi": "Metsälehdon sauna",
        "kunta": "Uusikaupunki",
        "url": "https://lipas.fi/liikuntapaikat/518378",
        "maksullinen": "",
        "kertapääsy": "",
        "pukuhuone": "",
        "sauna": "",
        "huomio": "",
        "website": "https://vakkasuomenlatu.suomenlatu.org/tietoa-yhdistyksesta/toimintapisteet/",
        "website_source": "LIPAS www + sisältötarkistus",
        "website_checked_at": "2026-09-19",
        "lipas_url": "https://lipas.fi/liikuntapaikat/518378",
        "address": "Haimiontie 365, 23500 Uusikaupunki",
        "address_source": "https://uusikaupunki.fi/en/node/3370",
        "address_checked_at": "2026-10-03"
      }
    },
    {
      "type": "Feature",
      "geometry": {
        "type": "Point",
        "coordinates": [
          21.3947,
          60.8092
        ]
      },
      "properties": {
        "lipas_id": "612386",
        "nimi": "Santtion talviuintipaikka",
        "kunta": "Uusikaupunki",
        "url": "https://lipas.fi/liikuntapaikat/612386",
        "maksullinen": "",
        "kertapääsy": "",
        "pukuhuone": "",
        "sauna": "",
        "huomio": "",
        "website": "https://uusikaupunki.fi/fi/avantouinti",
        "website_source": "LIPAS www + sisältötarkistus",
        "website_checked_at": "2026-09-19",
        "lipas_url": "https://lipas.fi/liikuntapaikat/612386",
        "address": "Kalalokkikuja 14, Uusikaupunki",
        "address_source": "https://visituusikaupunki.fi/en/sports-and-hobbies/winter-swimming-ice-swimming",
        "address_checked_at": "2026-10-03"
      }
    },
    {
      "type": "Feature",
      "geometry": {
        "type": "Point",
        "coordinates": [
          26.8269,
          64.5528
        ]
      },
      "properties": {
        "lipas_id": "609353",
        "nimi": "Uiton avantouintipaikka",
        "kunta": "Vaala",
        "url": "https://lipas.fi/liikuntapaikat/609353",
        "maksullinen": "",
        "kertapääsy": "",
        "pukuhuone": "",
        "sauna": "",
        "huomio": "",
        "lipas_url": "https://lipas.fi/liikuntapaikat/609353",
        "address": "Vaalankurkuntie, 91700 Vaala",
        "address_source": "https://lipas.fi/liikuntapaikka/609353",
        "address_checked_at": "2026-10-03"
      }
    },
    {
      "type": "Feature",
      "geometry": {
        "type": "Point",
        "coordinates": [
          21.5935,
          63.0953
        ]
      },
      "properties": {
        "lipas_id": "98531",
        "nimi": "Hietasaaren talviuimala",
        "kunta": "Vaasa",
        "url": "https://lipas.fi/liikuntapaikat/98531",
        "maksullinen": "",
        "kertapääsy": "",
        "pukuhuone": "",
        "sauna": "",
        "huomio": "",
        "website": "https://www.vaasanpingviinit.fi/",
        "website_source": "LIPAS www + sisältötarkistus",
        "website_checked_at": "2026-09-19",
        "lipas_url": "https://lipas.fi/liikuntapaikat/98531",
        "address": "Hietasaari, 65100 Vaasa",
        "address_source": "https://lipas.fi/liikuntapaikka/98531",
        "address_checked_at": "2026-10-03"
      }
    },
    {
      "type": "Feature",
      "geometry": {
        "type": "Point",
        "coordinates": [
          21.6008,
          63.0956
        ]
      },
      "properties": {
        "lipas_id": "612387",
        "nimi": "Sisäsataman avantouintipaikka",
        "kunta": "Vaasa",
        "url": "https://lipas.fi/liikuntapaikat/612387",
        "maksullinen": "",
        "kertapääsy": "",
        "pukuhuone": "",
        "sauna": "",
        "huomio": "",
        "lipas_url": "https://lipas.fi/liikuntapaikat/612387",
        "address": "Hietasaarenkatu, 65100 Vaasa",
        "address_source": "https://lipas.fi/liikuntapaikka/612387",
        "address_checked_at": "2026-10-03"
      }
    },
    {
      "type": "Feature",
      "geometry": {
        "type": "Point",
        "coordinates": [
          24.0426,
          61.2671
        ]
      },
      "properties": {
        "lipas_id": "514909",
        "nimi": "Apian talviuintipaikka",
        "kunta": "Valkeakoski",
        "url": "https://lipas.fi/liikuntapaikat/514909",
        "maksullinen": "",
        "kertapääsy": "",
        "pukuhuone": "",
        "sauna": "",
        "huomio": "",
        "website": "https://apianavantouimarit.fi/",
        "website_source": "LIPAS www + sisältötarkistus",
        "website_checked_at": "2026-09-19",
        "lipas_url": "https://lipas.fi/liikuntapaikat/514909",
        "address": "Saunapolku 7, 37600 Valkeakoski",
        "address_source": "https://lipas.fi/liikuntapaikka/514909",
        "address_checked_at": "2026-10-03"
      }
    },
    {
      "type": "Feature",
      "geometry": {
        "type": "Point",
        "coordinates": [
          25.1141,
          60.3134
        ]
      },
      "properties": {
        "lipas_id": "516654",
        "nimi": "Kuusijärven talviuimapaikka",
        "kunta": "Vantaa",
        "url": "https://lipas.fi/liikuntapaikat/516654",
        "maksullinen": "",
        "kertapääsy": "",
        "pukuhuone": "",
        "sauna": "",
        "huomio": "",
        "lipas_url": "https://lipas.fi/liikuntapaikat/516654",
        "address": "Kuusijärventie 3, 01260 Vantaa",
        "address_source": "https://lipas.fi/liikuntapaikka/516654",
        "address_checked_at": "2026-10-03"
      }
    },
    {
      "type": "Feature",
      "geometry": {
        "type": "Point",
        "coordinates": [
          24.8811,
          60.27
        ]
      },
      "properties": {
        "lipas_id": "528545",
        "nimi": "Vetokannaksen talviuimapaikka",
        "kunta": "Vantaa",
        "url": "https://lipas.fi/liikuntapaikat/528545",
        "maksullinen": "",
        "kertapääsy": "",
        "pukuhuone": "",
        "sauna": "",
        "huomio": "",
        "lipas_url": "https://lipas.fi/liikuntapaikat/528545",
        "address": "Vantaanlaaksontie 3, Vantaa",
        "address_source": "",
        "address_checked_at": ""
      }
    },
    {
      "type": "Feature",
      "geometry": {
        "type": "Point",
        "coordinates": [
          27.8893,
          62.3104
        ]
      },
      "properties": {
        "lipas_id": "518385",
        "nimi": "Varkauden avantouintipaikka",
        "kunta": "Varkaus",
        "url": "https://lipas.fi/liikuntapaikat/518385",
        "maksullinen": "",
        "kertapääsy": "",
        "pukuhuone": "",
        "sauna": "",
        "huomio": "",
        "lipas_url": "https://lipas.fi/liikuntapaikat/518385",
        "address": "Wredenkatu, 78250 Varkaus",
        "address_source": "https://lipas.fi/liikuntapaikka/518385",
        "address_checked_at": "2026-10-03"
      }
    },
    {
      "type": "Feature",
      "geometry": {
        "type": "Point",
        "coordinates": [
          21.6194,
          60.706
        ]
      },
      "properties": {
        "lipas_id": "612478",
        "nimi": "Hietajärven talviuintipaikka",
        "kunta": "Vehmaa",
        "url": "https://lipas.fi/liikuntapaikat/612478",
        "maksullinen": "",
        "kertapääsy": "",
        "pukuhuone": "",
        "sauna": "",
        "huomio": "",
        "website": "https://www.vehmaa.fi/hyvinvointi-ja-vapaa-aika/saunat-ja-uimarannat/",
        "website_source": "LIPAS www + sisältötarkistus",
        "website_checked_at": "2026-09-19",
        "lipas_url": "https://lipas.fi/liikuntapaikat/612478",
        "address": "Hietajärventie 32",
        "address_source": "",
        "address_checked_at": ""
      }
    },
    {
      "type": "Feature",
      "geometry": {
        "type": "Point",
        "coordinates": [
          21.688,
          60.621
        ]
      },
      "properties": {
        "lipas_id": "614745",
        "nimi": "Rautilan talviuintipaikka",
        "kunta": "Vehmaa",
        "url": "https://lipas.fi/liikuntapaikat/614745",
        "maksullinen": "",
        "kertapääsy": "",
        "pukuhuone": "",
        "sauna": "",
        "huomio": "",
        "website": "https://rautila.fi/index.php/rantasauna/",
        "website_source": "LIPAS www + sisältötarkistus",
        "website_checked_at": "2026-09-19",
        "lipas_url": "https://lipas.fi/liikuntapaikat/614745",
        "address": "Vanha rantatie 1, 23260 Rautila",
        "address_source": "https://lipas.fi/liikuntapaikka/614745",
        "address_checked_at": "2026-10-03"
      }
    },
    {
      "type": "Feature",
      "geometry": {
        "type": "Point",
        "coordinates": [
          26.4228,
          62.9292
        ]
      },
      "properties": {
        "lipas_id": "612479",
        "nimi": "Kirkonkylän talviuintipaikka",
        "kunta": "Vesanto",
        "url": "https://lipas.fi/liikuntapaikat/612479",
        "maksullinen": "",
        "kertapääsy": "",
        "pukuhuone": "",
        "sauna": "",
        "huomio": "",
        "lipas_url": "https://lipas.fi/liikuntapaikat/612479",
        "address": "Rantatie, Vesanto",
        "address_source": "",
        "address_checked_at": ""
      }
    },
    {
      "type": "Feature",
      "geometry": {
        "type": "Point",
        "coordinates": [
          23.5937,
          61.3122
        ]
      },
      "properties": {
        "lipas_id": "612482",
        "nimi": "Lammasniemen talvisauna",
        "kunta": "Vesilahti",
        "url": "https://lipas.fi/liikuntapaikat/612482",
        "maksullinen": "",
        "kertapääsy": "",
        "pukuhuone": "",
        "sauna": "",
        "huomio": "",
        "lipas_url": "https://lipas.fi/liikuntapaikat/612482",
        "address": "Lammasniementie 70, 37470 Vesilahti",
        "address_source": "https://lipas.fi/liikuntapaikka/612482",
        "address_checked_at": "2026-10-03"
      }
    },
    {
      "type": "Feature",
      "geometry": {
        "type": "Point",
        "coordinates": [
          27.0108,
          63.7409
        ]
      },
      "properties": {
        "lipas_id": "514668",
        "nimi": "Sotkun talviuintipaikka",
        "kunta": "Vieremä",
        "url": "https://lipas.fi/liikuntapaikat/514668",
        "maksullinen": "",
        "kertapääsy": "",
        "pukuhuone": "",
        "sauna": "",
        "huomio": "",
        "website": "https://vierema.fi/vapaa-aika-ja-hyvinvointi/liikunta/liikuntapaikat/",
        "website_source": "LIPAS www + sisältötarkistus",
        "website_checked_at": "2026-09-19",
        "lipas_url": "https://lipas.fi/liikuntapaikat/514668",
        "address": "Härköniementie 16, 74200 Vieremä",
        "address_source": "",
        "address_checked_at": ""
      }
    },
    {
      "type": "Feature",
      "geometry": {
        "type": "Point",
        "coordinates": [
          24.4096,
          60.3646
        ]
      },
      "properties": {
        "lipas_id": "529939",
        "nimi": "Ojakkalan talviuintipaikka",
        "kunta": "Vihti",
        "url": "https://lipas.fi/liikuntapaikat/529939",
        "maksullinen": "",
        "kertapääsy": "",
        "pukuhuone": "",
        "sauna": "",
        "huomio": "",
        "website": "https://www.vihti.fi/kulttuuri-ja-vapaa-aika/liikunta/liikuntatilatjapaikat/talviliikunta-alueet/talviuinti/",
        "website_source": "LIPAS www + sisältötarkistus",
        "website_checked_at": "2026-09-19",
        "lipas_url": "https://lipas.fi/liikuntapaikat/529939",
        "address": "Munkkilankuja, 03250 Ojakkala",
        "address_source": "https://lipas.fi/liikuntapaikka/529939",
        "address_checked_at": "2026-10-03"
      }
    },
    {
      "type": "Feature",
      "geometry": {
        "type": "Point",
        "coordinates": [
          24.4877,
          60.3981
        ]
      },
      "properties": {
        "lipas_id": "612392",
        "nimi": "Otalammen rantasaunan talviuintipaikka",
        "kunta": "Vihti",
        "url": "https://lipas.fi/liikuntapaikat/612392",
        "maksullinen": "",
        "kertapääsy": "",
        "pukuhuone": "",
        "sauna": "",
        "huomio": "",
        "website": "https://www.otalampi.fi/",
        "website_source": "LIPAS www + sisältötarkistus",
        "website_checked_at": "2026-09-19",
        "lipas_url": "https://lipas.fi/liikuntapaikat/612392",
        "address": "Rantatie 14, 03300 Otalampi",
        "address_source": "https://lipas.fi/liikuntapaikka/612392",
        "address_checked_at": "2026-10-03"
      }
    },
    {
      "type": "Feature",
      "geometry": {
        "type": "Point",
        "coordinates": [
          24.3921,
          60.2911
        ]
      },
      "properties": {
        "lipas_id": "516562",
        "nimi": "Palojärven talviuintipaikka",
        "kunta": "Vihti",
        "url": "https://lipas.fi/liikuntapaikat/516562",
        "maksullinen": "",
        "kertapääsy": "",
        "pukuhuone": "",
        "sauna": "",
        "huomio": "",
        "lipas_url": "https://lipas.fi/liikuntapaikat/516562",
        "address": "Palojärventie 247, 03150 Huhmari",
        "address_source": "https://lipas.fi/liikuntapaikka/516562",
        "address_checked_at": "2026-10-03"
      }
    },
    {
      "type": "Feature",
      "geometry": {
        "type": "Point",
        "coordinates": [
          24.4301,
          60.482
        ]
      },
      "properties": {
        "lipas_id": "516580",
        "nimi": "Vihdin Pirtin talviuintipaikka",
        "kunta": "Vihti",
        "url": "https://lipas.fi/liikuntapaikat/516580",
        "maksullinen": "",
        "kertapääsy": "",
        "pukuhuone": "",
        "sauna": "",
        "huomio": "",
        "website": "https://www.vihdinvaeltajat.fi/",
        "website_source": "LIPAS www + sisältötarkistus",
        "website_checked_at": "2026-09-19",
        "lipas_url": "https://lipas.fi/liikuntapaikat/516580",
        "address": "Pirtintie 30, 03400 Vihti",
        "address_source": "https://lipas.fi/liikuntapaikka/516580",
        "address_checked_at": "2026-10-03"
      }
    },
    {
      "type": "Feature",
      "geometry": {
        "type": "Point",
        "coordinates": [
          25.8312,
          63.0904
        ]
      },
      "properties": {
        "lipas_id": "98517",
        "nimi": "Lummeniemen talviuintipaikka",
        "kunta": "Viitasaari",
        "url": "https://lipas.fi/liikuntapaikat/98517",
        "maksullinen": "",
        "kertapääsy": "",
        "pukuhuone": "",
        "sauna": "",
        "huomio": "",
        "lipas_url": "https://lipas.fi/liikuntapaikat/98517",
        "address": "Lummeniementie 125, 44500 Viitasaari",
        "address_source": "https://lipas.fi/liikuntapaikka/98517",
        "address_checked_at": "2026-10-03"
      }
    },
    {
      "type": "Feature",
      "geometry": {
        "type": "Point",
        "coordinates": [
          23.7563,
          63.2044
        ]
      },
      "properties": {
        "lipas_id": "529900",
        "nimi": "Vieresniemen avantouintipaikka",
        "kunta": "Vimpeli",
        "url": "https://lipas.fi/liikuntapaikat/529900",
        "maksullinen": "",
        "kertapääsy": "",
        "pukuhuone": "",
        "sauna": "",
        "huomio": "",
        "website": "https://www.vimpeli.fi/matkailu/vieresniemi",
        "website_source": "LIPAS www + sisältötarkistus",
        "website_checked_at": "2026-09-19",
        "lipas_url": "https://lipas.fi/liikuntapaikat/529900",
        "address": "Joensuuntie 43, 62800 Vimpeli",
        "address_source": "https://lipas.fi/liikuntapaikka/529900",
        "address_checked_at": "2026-10-03"
      }
    },
    {
      "type": "Feature",
      "geometry": {
        "type": "Point",
        "coordinates": [
          27.4792,
          60.5068
        ]
      },
      "properties": {
        "lipas_id": "529902",
        "nimi": "Klamilan talviuintipaikka",
        "kunta": "Virolahti",
        "url": "https://lipas.fi/liikuntapaikat/529902",
        "maksullinen": "",
        "kertapääsy": "",
        "pukuhuone": "",
        "sauna": "",
        "huomio": "",
        "lipas_url": "https://lipas.fi/liikuntapaikat/529902",
        "address": "Kalasatamantie, 49860 Klamila",
        "address_source": "https://lipas.fi/liikuntapaikka/529902",
        "address_checked_at": "2026-10-03"
      }
    },
    {
      "type": "Feature",
      "geometry": {
        "type": "Point",
        "coordinates": [
          23.7542,
          62.2386
        ]
      },
      "properties": {
        "lipas_id": "516649",
        "nimi": "Laivarannan talviuintipaikka",
        "kunta": "Virrat",
        "url": "https://lipas.fi/liikuntapaikat/516649",
        "maksullinen": "",
        "kertapääsy": "",
        "pukuhuone": "",
        "sauna": "",
        "huomio": "",
        "website": "https://www.virrat.fi/visit-virrat/aktiviteetit/avannot-saunat-ja-kylpytynnyrit/",
        "website_source": "LIPAS www + sisältötarkistus",
        "website_checked_at": "2026-09-19",
        "lipas_url": "https://lipas.fi/liikuntapaikat/516649",
        "address": "Pohjolantie, 34800 Virrat",
        "address_source": "https://lipas.fi/liikuntapaikka/516649",
        "address_checked_at": "2026-10-03"
      }
    },
    {
      "type": "Feature",
      "geometry": {
        "type": "Point",
        "coordinates": [
          22.3608,
          63.3058
        ]
      },
      "properties": {
        "lipas_id": "612484",
        "nimi": "Oravaisten talviuintipaikka",
        "kunta": "Vöyri",
        "url": "https://lipas.fi/liikuntapaikat/612484",
        "maksullinen": "",
        "kertapääsy": "",
        "pukuhuone": "",
        "sauna": "",
        "huomio": "",
        "lipas_url": "https://lipas.fi/liikuntapaikat/612484",
        "address": "Rantakyläntie, 66800 Oravainen",
        "address_source": "https://lipas.fi/liikuntapaikka/612484",
        "address_checked_at": "2026-10-03"
      }
    },
    {
      "type": "Feature",
      "geometry": {
        "type": "Point",
        "coordinates": [
          24.5834,
          64.0742
        ]
      },
      "properties": {
        "lipas_id": "612406",
        "nimi": "Hamarin talviuintipaikka",
        "kunta": "Ylivieska",
        "url": "https://lipas.fi/liikuntapaikat/612406",
        "maksullinen": "",
        "kertapääsy": "",
        "pukuhuone": "",
        "sauna": "",
        "huomio": "",
        "lipas_url": "https://lipas.fi/liikuntapaikat/612406",
        "address": "Hamarintie 9",
        "address_source": "",
        "address_checked_at": ""
      }
    },
    {
      "type": "Feature",
      "geometry": {
        "type": "Point",
        "coordinates": [
          24.5619,
          64.143
        ]
      },
      "properties": {
        "lipas_id": "529690",
        "nimi": "Kekan avantouintipaikka",
        "kunta": "Ylivieska",
        "url": "https://lipas.fi/liikuntapaikat/529690",
        "maksullinen": "",
        "kertapääsy": "",
        "pukuhuone": "",
        "sauna": "",
        "huomio": "",
        "lipas_url": "https://lipas.fi/liikuntapaikat/529690",
        "address": "Isokankaan metsätie 232, 84100 Ylivieska",
        "address_source": "https://lipas.fi/liikuntapaikka/529690",
        "address_checked_at": "2026-10-03"
      }
    },
    {
      "type": "Feature",
      "geometry": {
        "type": "Point",
        "coordinates": [
          23.6006,
          61.5577
        ]
      },
      "properties": {
        "lipas_id": "516614",
        "nimi": "Räikän talviuintipaikka",
        "kunta": "Ylöjärvi",
        "url": "https://lipas.fi/liikuntapaikat/516614",
        "maksullinen": "",
        "kertapääsy": "",
        "pukuhuone": "",
        "sauna": "",
        "huomio": "",
        "website": "https://www.ylojarvi.fi/raikanpuisto/",
        "website_source": "LIPAS www + sisältötarkistus",
        "website_checked_at": "2026-09-19",
        "lipas_url": "https://lipas.fi/liikuntapaikat/516614",
        "address": "Räikäntie, 33470 Ylöjärvi",
        "address_source": "https://lipas.fi/liikuntapaikka/516614",
        "address_checked_at": "2026-10-03"
      }
    },
    {
      "type": "Feature",
      "geometry": {
        "type": "Point",
        "coordinates": [
          23.5955,
          61.5822
        ]
      },
      "properties": {
        "lipas_id": "612407",
        "nimi": "Ylöjärven avantouimarit ry:n talviuintipaikka",
        "kunta": "Ylöjärvi",
        "url": "https://lipas.fi/liikuntapaikat/612407",
        "maksullinen": "",
        "kertapääsy": "",
        "pukuhuone": "",
        "sauna": "",
        "huomio": "",
        "website": "https://www.ylojarvenavantouimarit.fi/",
        "website_source": "LIPAS www + sisältötarkistus",
        "website_checked_at": "2026-09-19",
        "lipas_url": "https://lipas.fi/liikuntapaikat/612407",
        "address": "Viljakkalantie 140, 33480 Ylöjärvi",
        "address_source": "https://lipas.fi/liikuntapaikka/612407",
        "address_checked_at": "2026-10-03"
      }
    },
    {
      "type": "Feature",
      "geometry": {
        "type": "Point",
        "coordinates": [
          23.2091,
          60.7509
        ]
      },
      "properties": {
        "lipas_id": "514644",
        "nimi": "Piilikankaan talviuintipaikka",
        "kunta": "Ypäjä",
        "url": "https://lipas.fi/liikuntapaikat/514644",
        "maksullinen": "",
        "kertapääsy": "",
        "pukuhuone": "",
        "sauna": "",
        "huomio": "",
        "lipas_url": "https://lipas.fi/liikuntapaikat/514644",
        "address": "Koskentie 687",
        "address_source": "",
        "address_checked_at": ""
      }
    },
    {
      "type": "Feature",
      "geometry": {
        "type": "Point",
        "coordinates": [
          24.0474,
          62.5538
        ]
      },
      "properties": {
        "lipas_id": "514643",
        "nimi": "Mustikkavuoren talviuintipaikka",
        "kunta": "Ähtäri",
        "url": "https://lipas.fi/liikuntapaikat/514643",
        "maksullinen": "",
        "kertapääsy": "",
        "pukuhuone": "",
        "sauna": "",
        "huomio": "",
        "lipas_url": "https://lipas.fi/liikuntapaikat/514643",
        "address": "Niemenpääntie 76, 63700 Ähtäri",
        "address_source": "https://lipas.fi/liikuntapaikka/514643",
        "address_checked_at": "2026-10-03"
      }
    },
    {
      "type": "Feature",
      "geometry": {
        "type": "Point",
        "coordinates": [
          25.7311,
          62.6078
        ]
      },
      "properties": {
        "lipas_id": "524248",
        "nimi": "Häränvirran talviuintipaikka",
        "kunta": "Äänekoski",
        "url": "https://lipas.fi/liikuntapaikat/524248",
        "maksullinen": "",
        "kertapääsy": "",
        "pukuhuone": "",
        "sauna": "",
        "huomio": "",
        "website": "https://www.aanekoski.fi/kulttuuri-ja-liikunta/ulkoliikunta/avantouintipaikat-talviuinti",
        "website_source": "LIPAS www + sisältötarkistus",
        "website_checked_at": "2026-09-19",
        "lipas_url": "https://lipas.fi/liikuntapaikat/524248",
        "address": "",
        "address_source": "",
        "address_checked_at": ""
      }
    },
    {
      "type": "Feature",
      "geometry": {
        "type": "Point",
        "coordinates": [
          25.883,
          62.5616
        ]
      },
      "properties": {
        "lipas_id": "514631",
        "nimi": "Suojärven talviuintipaikka",
        "kunta": "Äänekoski",
        "url": "https://lipas.fi/liikuntapaikat/514631",
        "maksullinen": "",
        "kertapääsy": "",
        "pukuhuone": "",
        "sauna": "",
        "huomio": "",
        "website": "https://www.aanekoski.fi/kulttuuri-ja-liikunta/ulkoliikunta/avantouintipaikat-talviuinti",
        "website_source": "LIPAS www + sisältötarkistus",
        "website_checked_at": "2026-09-19",
        "lipas_url": "https://lipas.fi/liikuntapaikat/514631",
        "address": "",
        "address_source": "",
        "address_checked_at": ""
      }
    },
    {
      "type": "Feature",
      "geometry": {
        "type": "Point",
        "coordinates": [
          22.992496490478516,
          63.823526300913144
        ]
      },
      "properties": {
        "lipas_id": "",
        "nimi": "Hickarö Resort",
        "kunta": "Kokkola",
        "url": "https://www.hickaroresort.fi/",
        "maksullinen": "",
        "kertapääsy": "",
        "pukuhuone": "",
        "sauna": "",
        "huomio": "",
        "id": "user_submission_hickaro_resort",
        "source": "user_submission",
        "address": "Rantatie 263, 67900 Kokkola",
        "address_source": "https://www.visitfinland.com/en/product/02f9729c-af4c-4393-9dd6-ac4f2d53f457/hickaro-resort-sauna-world/",
        "address_checked_at": "2026-10-03"
      }
    },
    {
      "type": "Feature",
      "geometry": {
        "type": "Point",
        "coordinates": [
          22.755998969078053,
          63.71786177059489
        ]
      },
      "properties": {
        "lipas_id": "",
        "nimi": "Strandis Smokehouse Village",
        "kunta": "Luoto",
        "url": "https://smokehousevillage.com/sv/",
        "maksullinen": "",
        "kertapääsy": "",
        "pukuhuone": "",
        "sauna": "",
        "huomio": "",
        "id": "user_submission_strandis_smokehouse_village",
        "source": "user_submission",
        "address": "Assarskärsvägen 1, Luoto",
        "address_source": "",
        "address_checked_at": ""
      }
    },
    {
      "type": "Feature",
      "geometry": {
        "type": "Point",
        "coordinates": [
          21.456611193616396,
          61.131499544438206
        ]
      },
      "properties": {
        "lipas_id": "",
        "nimi": "Marine Café & sauna (Satamarine)",
        "kunta": "Rauma",
        "url": "https://www.satamarine.fi/",
        "maksullinen": "",
        "kertapääsy": "",
        "pukuhuone": "",
        "sauna": "",
        "huomio": "",
        "id": "user_submission_satamarine",
        "source": "user_submission",
        "address": "Kompintie 7, 26100 Rauma",
        "address_source": "https://www.visitrauma.fi/?p=1235",
        "address_checked_at": "2026-10-03"
      }
    },
    {
      "type": "Feature",
      "geometry": {
        "type": "Point",
        "coordinates": [
          21.47217832509951,
          61.14006896726945
        ]
      },
      "properties": {
        "lipas_id": "",
        "nimi": "Marina Vista",
        "kunta": "Rauma",
        "url": "https://www.marinavista.fi/saunalautta",
        "maksullinen": "",
        "kertapääsy": "",
        "pukuhuone": "",
        "sauna": "",
        "huomio": "",
        "id": "user_submission_marina_vista",
        "source": "user_submission",
        "address": "",
        "address_source": "",
        "address_checked_at": ""
      }
    },
    {
      "type": "Feature",
      "geometry": {
        "type": "Point",
        "coordinates": [
          27.704719305038456,
          62.893384628776886
        ]
      },
      "properties": {
        "lipas_id": "",
        "nimi": "Luoto Kuopio",
        "kunta": "Kuopio",
        "url": "https://www.luotokuopio.fi/fi/tilat-ja-palvelut",
        "maksullinen": "",
        "kertapääsy": "",
        "pukuhuone": "",
        "sauna": "",
        "huomio": "",
        "id": "user_submission_luoto_kuopio",
        "source": "user_submission",
        "address": "",
        "address_source": "",
        "address_checked_at": ""
      }
    },
    {
      "type": "Feature",
      "geometry": {
        "type": "Point",
        "coordinates": [
          27.657705545425415,
          62.87337398981873
        ]
      },
      "properties": {
        "lipas_id": "",
        "nimi": "Kuopion Saana",
        "kunta": "Kuopio",
        "url": "https://www.kuopionsaana.fi/sauna-kylpyla/",
        "maksullinen": "",
        "kertapääsy": "",
        "pukuhuone": "",
        "sauna": "",
        "huomio": "",
        "id": "user_submission_kuopion_saana",
        "source": "user_submission",
        "address": "",
        "address_source": "",
        "address_checked_at": ""
      }
    },
    {
      "type": "Feature",
      "geometry": {
        "type": "Point",
        "coordinates": [
          23.651418685913086,
          61.69170385648609
        ]
      },
      "properties": {
        "lipas_id": "",
        "nimi": "Tahlo Underhill – rantasauna ja avanto",
        "kunta": "Ylöjärvi",
        "url": "https://tahloventures.com/",
        "maksullinen": "",
        "kertapääsy": "",
        "pukuhuone": "",
        "sauna": "",
        "huomio": "",
        "id": "user_submission_tahlo_underhill",
        "source": "user_submission",
        "address": "Tahlontie 140, 34140 Ylöjärvi",
        "address_source": "https://visittampere.fi/en/destination/tahlo-underhill-lakeside-sauna-and-winter-swimming/",
        "address_checked_at": "2026-10-03"
      }
    },
    {
      "type": "Feature",
      "geometry": {
        "type": "Point",
        "coordinates": [
          25.52411796829916,
          65.0185020306743
        ]
      },
      "properties": {
        "lipas_id": "",
        "nimi": "Koivurannan saunalautta",
        "kunta": "Oulu",
        "url": "https://koivurannansaunalautta.fi/",
        "maksullinen": "",
        "kertapääsy": "",
        "pukuhuone": "",
        "sauna": "",
        "huomio": "",
        "id": "user_submission_koivurannan_saunalautta",
        "source": "user_submission",
        "address": "Kasarmintie 31, 90230 Oulu",
        "address_source": "https://visitfinland.com/sv/product/279ea885-dd26-4b0e-b59f-3b58261cb7c1/koivuranta-sauna-boat-cruise",
        "address_checked_at": "2026-10-03"
      }
    },
    {
      "type": "Feature",
      "geometry": {
        "type": "Point",
        "coordinates": [
          25.44450044631957,
          65.02840911602182
        ]
      },
      "properties": {
        "lipas_id": "",
        "nimi": "Olosauna",
        "kunta": "Oulu",
        "url": "https://www.olosauna.fi/palvelut/sauna/",
        "maksullinen": "",
        "kertapääsy": "",
        "pukuhuone": "",
        "sauna": "",
        "huomio": "",
        "id": "user_submission_olosauna",
        "source": "user_submission",
        "address": "Vaakunakyläntie 9, 90500 Oulu",
        "address_source": "https://www.visitfinland.com/en/product/77fd1aa4-29e5-4167-8572-c45817f9a412/cafe-olosauna/",
        "address_checked_at": "2026-10-03"
      }
    },
    {
      "type": "Feature",
      "geometry": {
        "type": "Point",
        "coordinates": [
          23.0446869134903,
          61.77933372407776
        ]
      },
      "properties": {
        "lipas_id": "",
        "nimi": "Villa Vihta",
        "kunta": "Ikaalinen",
        "url": "https://saunafestivaalit.fi/",
        "maksullinen": "",
        "kertapääsy": "",
        "pukuhuone": "",
        "sauna": "",
        "huomio": "",
        "id": "user_submission_villa_vihta",
        "source": "user_submission",
        "address": "Toivolansaarentie 3, Ikaalinen",
        "address_source": "https://visittampere.fi/en/destination/villa-vihta/",
        "address_checked_at": "2026-10-03"
      }
    },
    {
      "type": "Feature",
      "geometry": {
        "type": "Point",
        "coordinates": [
          22.887519126288737,
          60.759119263778096
        ]
      },
      "properties": {
        "lipas_id": "",
        "nimi": "Melliläjärven rantasauna ja avanto",
        "kunta": "Loimaa",
        "url": "https://www.loimaa.fi/vapaa-aika/loma-ajan-toiminta/mellilajarven-rantasauna/",
        "maksullinen": "",
        "kertapääsy": "",
        "pukuhuone": "",
        "sauna": "",
        "huomio": "",
        "id": "user_submission_mellilajarvi",
        "source": "user_submission",
        "address": "Huovintie 71, 32300 Mellilä",
        "address_source": "https://www.yrittajat.fi/tapahtumat/ajatuksia-luova-saunailta-mellilanjarvella-16-6-2026/",
        "address_checked_at": "2026-10-03"
      }
    },
    {
      "type": "Feature",
      "geometry": {
        "type": "Point",
        "coordinates": [
          23.75450134277344,
          67.75596695254069
        ]
      },
      "properties": {
        "lipas_id": "",
        "nimi": "Arctic Sauna World",
        "kunta": "Muonio",
        "url": "https://harriniva.fi/en/arctic-sauna-world/",
        "maksullinen": "",
        "kertapääsy": "",
        "pukuhuone": "",
        "sauna": "",
        "huomio": "",
        "id": "user_submission_arctic_sauna_world",
        "source": "user_submission",
        "address": "Jerisjärventie 91, 99300 Muonio",
        "address_source": "https://www.levi.fi/en/services/arctic-sauna-world/",
        "address_checked_at": "2026-10-03"
      }
    },
    {
      "type": "Feature",
      "geometry": {
        "type": "Point",
        "coordinates": [
          25.295794764413294,
          61.36216134916976
        ]
      },
      "properties": {
        "lipas_id": "",
        "nimi": "Laivarannan talviuintipaikka",
        "kunta": "Padasjoki",
        "url": "https://www.padasjoki.fi/hyvinvointi-ja-kulttuuri/vapaa-aika-ja-liikunta/talviuintipaikka",
        "maksullinen": "",
        "kertapääsy": "",
        "pukuhuone": "",
        "sauna": "",
        "huomio": "",
        "id": "user_submission_laivaranta_padasjoki",
        "source": "user_submission",
        "address": "Laivarannantie 41, 17500 Padasjoki",
        "address_source": "https://visitfinland.com/en/product/8400c36c-0719-4075-b54d-e0d1d9edacab/harbour-padasjoki",
        "address_checked_at": "2026-10-03"
      }
    },
    {
      "type": "Feature",
      "geometry": {
        "type": "Point",
        "coordinates": [
          26.1588872442357,
          60.6237684423498
        ]
      },
      "properties": {
        "lipas_id": "",
        "nimi": "Sjökullan talviuintipaikka",
        "kunta": "Lapinjärvi",
        "url": "https://lapinjarvi.fi/asuminen-ja-ymparisto/tontit-2/asuintontit/ingermaninkyla/",
        "maksullinen": "",
        "kertapääsy": "",
        "pukuhuone": "",
        "sauna": "",
        "huomio": "Palveluntarjoaja: Ei varmistunut helposti; lähde on Lapinjärven kunta",
        "id": "discovery_2026_09_20_sjokulla_lapinjarvi",
        "source": "discovery_2026_09_20",
        "address": "",
        "address_source": "",
        "address_checked_at": ""
      }
    },
    {
      "type": "Feature",
      "geometry": {
        "type": "Point",
        "coordinates": [
          22.1895549,
          61.2956919
        ]
      },
      "properties": {
        "lipas_id": "",
        "nimi": "Eemelin saunan talviuintipaikka",
        "kunta": "Harjavalta",
        "url": "https://merstolanasukasyhdistys.fi/",
        "maksullinen": "",
        "kertapääsy": "",
        "pukuhuone": "",
        "sauna": "",
        "huomio": "Palveluntarjoaja: Merstolan Asukasyhdistys ry",
        "id": "discovery_2026_09_20_eemelin_sauna_harjavalta",
        "source": "discovery_2026_09_20",
        "address": "",
        "address_source": "",
        "address_checked_at": ""
      }
    },
    {
      "type": "Feature",
      "geometry": {
        "type": "Point",
        "coordinates": [
          29.7715487,
          62.5993228
        ]
      },
      "properties": {
        "lipas_id": "",
        "nimi": "Saunakeidas",
        "kunta": "Joensuu",
        "url": "https://www.saunakeidas.fi/",
        "maksullinen": "",
        "kertapääsy": "",
        "pukuhuone": "",
        "sauna": "",
        "huomio": "Palveluntarjoaja: Avantosauna Kuura Oy / Saunakeidas",
        "id": "discovery_2026_09_20_saunakeidas_joensuu",
        "source": "discovery_2026_09_20",
        "address": "",
        "address_source": "",
        "address_checked_at": ""
      }
    },
    {
      "type": "Feature",
      "geometry": {
        "type": "Point",
        "coordinates": [
          29.935334,
          62.68285
        ]
      },
      "properties": {
        "lipas_id": "",
        "nimi": "Paiholan maisemasaunan avanto",
        "kunta": "Kontiolahti",
        "url": "https://paihola.fi/aktiviteetit/maisemasauna/",
        "maksullinen": "",
        "kertapääsy": "",
        "pukuhuone": "",
        "sauna": "",
        "huomio": "Palveluntarjoaja: Paihola",
        "id": "discovery_2026_09_20_paiholan_maisemasauna",
        "source": "discovery_2026_09_20",
        "address": "",
        "address_source": "",
        "address_checked_at": ""
      }
    },
    {
      "type": "Feature",
      "geometry": {
        "type": "Point",
        "coordinates": [
          26.3853357,
          60.9179866
        ]
      },
      "properties": {
        "lipas_id": "",
        "nimi": "Radalla Resortin rantasaunan avanto",
        "kunta": "Iitti",
        "url": "https://radallaresort.fi/kampanja/talvilomalle-radalla-resortiin/",
        "maksullinen": "",
        "kertapääsy": "",
        "pukuhuone": "",
        "sauna": "",
        "huomio": "Palveluntarjoaja: Radalla Resort",
        "id": "discovery_2026_09_20_radalla_resort_rantasauna",
        "source": "discovery_2026_09_20",
        "address": "Uimarintie 1, 47400 Kausala",
        "address_source": "https://visitlahti.fi/en/matkailukohteet/floating-sauna-iitti",
        "address_checked_at": "2026-10-03"
      }
    },
    {
      "type": "Feature",
      "geometry": {
        "type": "Point",
        "coordinates": [
          26.8541783,
          62.5074602
        ]
      },
      "properties": {
        "lipas_id": "",
        "nimi": "Mannisen Lomamökkien savusaunan avanto",
        "kunta": "Rautalampi",
        "url": "https://www.mannisenloma.com/fi/savusauna/",
        "maksullinen": "",
        "kertapääsy": "",
        "pukuhuone": "",
        "sauna": "",
        "huomio": "Palveluntarjoaja: Mannisen Lomamökit",
        "id": "discovery_2026_09_20_mannisen_savusauna",
        "source": "discovery_2026_09_20",
        "address": "Levälammintie 73, Rautalampi",
        "address_source": "https://en.wikivoyage.org/wiki/Rautalampi",
        "address_checked_at": "2026-10-03"
      }
    },
    {
      "type": "Feature",
      "geometry": {
        "type": "Point",
        "coordinates": [
          29.15386,
          61.29727
        ]
      },
      "properties": {
        "lipas_id": "",
        "nimi": "Hugon savusaunojen avanto",
        "kunta": "Rautjärvi",
        "url": "https://app.moder.fi/hugon-huvilat/5671?step=1",
        "maksullinen": "",
        "kertapääsy": "",
        "pukuhuone": "",
        "sauna": "",
        "huomio": "Palveluntarjoaja: Hugon Huvilat / Hugon savusaunat",
        "id": "discovery_2026_09_20_hugon_savusaunat",
        "source": "discovery_2026_09_20",
        "address": "Annanniementie 16, 56710 Rautjärvi",
        "address_source": "https://visitfinland.com/es/producto/af0ff779-444d-40e7-b8a4-9611fb4b96f2/hugos-smoke-saunas-privat-and-public-saunas-available",
        "address_checked_at": "2026-10-03"
      }
    },
    {
      "type": "Feature",
      "geometry": {
        "type": "Point",
        "coordinates": [
          27.0867467,
          62.6064001
        ]
      },
      "properties": {
        "lipas_id": "",
        "nimi": "Vanhamäen rantasaunan avanto",
        "kunta": "Suonenjoki",
        "url": "https://www.visitsavo.fi/fi_FI/nae-ja-koe/saunat",
        "maksullinen": "",
        "kertapääsy": "",
        "pukuhuone": "",
        "sauna": "",
        "huomio": "Palveluntarjoaja: Vanhamäki",
        "id": "discovery_2026_09_20_vanhamaki_rantasauna",
        "source": "discovery_2026_09_20",
        "address": "",
        "address_source": "",
        "address_checked_at": ""
      }
    },
    {
      "type": "Feature",
      "geometry": {
        "type": "Point",
        "coordinates": [
          26.719872,
          62.600924
        ]
      },
      "properties": {
        "lipas_id": "",
        "nimi": "Törmälän rantasaunan avanto",
        "kunta": "Rautalampi",
        "url": "https://www.visitsavo.fi/fi_FI/nae-ja-koe/saunat",
        "maksullinen": "",
        "kertapääsy": "",
        "pukuhuone": "",
        "sauna": "",
        "huomio": "Palveluntarjoaja: Törmälän Loma- ja kurssikeskus Oy",
        "id": "discovery_2026_09_20_tormala_rantasauna",
        "source": "discovery_2026_09_20",
        "address": "Konnekoskentie 552, 77700 Rautalampi",
        "address_source": "https://www.visitfinland.com/en/product/75eec3fd-f315-4e2c-a1a5-d7d2a8cfc097/marjatanpirtti-rooms-1-4-person/",
        "address_checked_at": "2026-10-03"
      }
    },
    {
      "type": "Feature",
      "geometry": {
        "type": "Point",
        "coordinates": [
          27.2825678,
          61.6754374
        ]
      },
      "properties": {
        "lipas_id": "",
        "nimi": "Saunaravintola Kaihun avanto",
        "kunta": "Mikkeli",
        "url": "https://www.visitmikkeli.fi/palvelut/mikkelipuiston-saunaravintola-kaihu",
        "maksullinen": "",
        "kertapääsy": "",
        "pukuhuone": "",
        "sauna": "",
        "huomio": "Palveluntarjoaja: Saunaravintola Kaihu / Osuuskauppa Suur-Savo",
        "id": "discovery_2026_09_20_saunaravintola_kaihu",
        "source": "discovery_2026_09_20",
        "address": "Pursialankatu 5, 50100 Mikkeli",
        "address_source": "https://www.visitsaimaa.fi/all-products/floating-sauna-restaurant-kaihu-in-mikkeli-city",
        "address_checked_at": "2026-10-03"
      }
    },
    {
      "type": "Feature",
      "geometry": {
        "type": "Point",
        "coordinates": [
          27.3436755,
          61.7013842
        ]
      },
      "properties": {
        "lipas_id": "",
        "nimi": "Visulahden rantasaunojen avanto",
        "kunta": "Mikkeli",
        "url": "https://visulahtionline.bookingonline.fi/stable/tuote.jsp?id=39714&teema_id=2795&tuoteIx=5&tuote_myyja_yritys=10218",
        "maksullinen": "",
        "kertapääsy": "",
        "pukuhuone": "",
        "sauna": "",
        "huomio": "Palveluntarjoaja: Visulahden Matkailukeskus",
        "id": "discovery_2026_09_20_visulahden_rantasaunat",
        "source": "discovery_2026_09_20",
        "address": "Visulahdentie 1, 50180 Mikkeli",
        "address_source": "https://www.visitmikkeli.fi/en/palvelut/visulahti-lakeside-sauna",
        "address_checked_at": "2026-10-03"
      }
    },
    {
      "type": "Feature",
      "geometry": {
        "type": "Point",
        "coordinates": [
          28.605733,
          62.114417
        ]
      },
      "properties": {
        "lipas_id": "",
        "nimi": "Oravin rantasaunan avanto",
        "kunta": "Savonlinna",
        "url": "https://www.oravivillage.com/oravi/saunat/",
        "maksullinen": "",
        "kertapääsy": "",
        "pukuhuone": "",
        "sauna": "",
        "huomio": "Palveluntarjoaja: SaimaaHoliday Oravi",
        "id": "discovery_2026_09_20_oravin_rantasauna",
        "source": "discovery_2026_09_20",
        "address": "Kiramontie 27, 58130 Oravi",
        "address_source": "https://manawa.com/en/book/54484",
        "address_checked_at": "2026-10-03"
      }
    },
    {
      "type": "Feature",
      "geometry": {
        "type": "Point",
        "coordinates": [
          22.7615846656634,
          63.7943482295073
        ]
      },
      "properties": {
        "lipas_id": "",
        "nimi": "Sju Broars Rökbastu",
        "kunta": "Luoto",
        "url": "https://visitjakobstad.fi/produkt/sju-broars-rokbastu/",
        "maksullinen": "",
        "kertapääsy": "",
        "pukuhuone": "",
        "sauna": "",
        "huomio": "Palveluntarjoaja: Euroll Oy / Sju Broars Rökbastu",
        "id": "discovery_2026_09_20_sju_broars_rokbastu",
        "source": "discovery_2026_09_20",
        "address": "",
        "address_source": "",
        "address_checked_at": ""
      }
    },
    {
      "type": "Feature",
      "geometry": {
        "type": "Point",
        "coordinates": [
          26.7487802,
          61.671952
        ]
      },
      "properties": {
        "lipas_id": "",
        "nimi": "Etuniemen avantosauna",
        "kunta": "Hirvensalmi",
        "url": "https://www.etuniemi.fi/sauna/",
        "maksullinen": "",
        "kertapääsy": "",
        "pukuhuone": "",
        "sauna": "",
        "huomio": "Palveluntarjoaja: SF-Caravan Sisä-Savo ry",
        "id": "discovery_2026_09_20_etuniemen_avantosauna",
        "source": "discovery_2026_09_20",
        "address": "",
        "address_source": "",
        "address_checked_at": ""
      }
    },
    {
      "type": "Feature",
      "geometry": {
        "type": "Point",
        "coordinates": [
          28.1473333,
          61.5733889
        ]
      },
      "properties": {
        "lipas_id": "",
        "nimi": "Sahanlahti Resortin avanto",
        "kunta": "Puumala",
        "url": "https://www.sahanlahtiresort.fi/yritystilaisuudet/loylyista-lisaarvoa",
        "maksullinen": "",
        "kertapääsy": "",
        "pukuhuone": "",
        "sauna": "",
        "huomio": "Palveluntarjoaja: Sahanlahti Resort Oy",
        "id": "discovery_2026_09_20_sahanlahti_resort",
        "source": "discovery_2026_09_20",
        "address": "Lietvedentie 830, 52200 Puumala",
        "address_source": "https://www.visitfinland.com/zh/huodong/786f17d4-3aed-4e00-94de-680adcc69562/osta-lahjakortti-sahanlahteen-elamys-joka-muistetaan-pitkaan-/",
        "address_checked_at": "2026-10-03"
      }
    },
    {
      "type": "Feature",
      "geometry": {
        "type": "Point",
        "coordinates": [
          24.941839,
          67.780324
        ]
      },
      "properties": {
        "lipas_id": "",
        "nimi": "Sammuntuvan saunojen avanto",
        "kunta": "Kittilä",
        "url": "https://sammuntupa.fi/fi_FI/sammuntuvan-saunat",
        "maksullinen": "",
        "kertapääsy": "",
        "pukuhuone": "",
        "sauna": "",
        "huomio": "Palveluntarjoaja: Sammuntupa",
        "id": "discovery_2026_09_20_sammuntupa_saunat",
        "source": "discovery_2026_09_20",
        "address": "",
        "address_source": "",
        "address_checked_at": ""
      }
    },
    {
      "type": "Feature",
      "geometry": {
        "type": "Point",
        "coordinates": [
          27.229013,
          61.499062
        ]
      },
      "properties": {
        "lipas_id": "",
        "nimi": "Villa Kaidan Kunkun avanto",
        "kunta": "Mikkeli",
        "url": "https://kaidankiho.johku.com/fi_FI/kaidan-kiho-villas/villa-kaidan-kunkku-ylellinen-oma",
        "maksullinen": "",
        "kertapääsy": "",
        "pukuhuone": "",
        "sauna": "",
        "huomio": "Palveluntarjoaja: Kaidan Kiho Villas / Esko Valkonen",
        "id": "discovery_2026_09_20_villa_kaidan_kunkku",
        "source": "discovery_2026_09_20",
        "address": "Haikolantie 221, 52300 Mikkeli",
        "address_source": "https://ie.hotels.com/ho3228077376/villa-kaidan-kunkku-mikkeli-finland",
        "address_checked_at": "2026-10-03"
      }
    },
    {
      "type": "Feature",
      "geometry": {
        "type": "Point",
        "coordinates": [
          28.0016667,
          61.43
        ]
      },
      "properties": {
        "lipas_id": "",
        "nimi": "Nestorinrannan rantasaunan avanto",
        "kunta": "Puumala",
        "url": "https://nestorinranta.fi/elamyksia/",
        "maksullinen": "",
        "kertapääsy": "",
        "pukuhuone": "",
        "sauna": "",
        "huomio": "Palveluntarjoaja: Nestorinranta",
        "id": "discovery_2026_09_21_nestorinranta",
        "source": "discovery_2026_09_21",
        "address": "Lintusalontie 1661 B, 52200 Puumala",
        "address_source": "https://visitfinland.com/sv/product/6904a5e4-1311-42f4-b2e5-402b4d786f02/nestoris-bubbly-sauna-experience",
        "address_checked_at": "2026-10-03"
      }
    },
    {
      "type": "Feature",
      "geometry": {
        "type": "Point",
        "coordinates": [
          28.154849,
          61.453447
        ]
      },
      "properties": {
        "lipas_id": "",
        "nimi": "Okkolan Lomamökkien avannot",
        "kunta": "Puumala",
        "url": "https://www.okkolanlomamokit.com/mokit/",
        "maksullinen": "",
        "kertapääsy": "",
        "pukuhuone": "",
        "sauna": "",
        "huomio": "Palveluntarjoaja: Okkolan Lomamökit / Paula Okkola. Luotolan ja Niemelän mökeillä avanto.",
        "id": "discovery_2026_09_21_okkolan_lomamokit",
        "source": "discovery_2026_09_21",
        "address": "Ylössaarentie 35, 52200 Puumala",
        "address_source": "https://www.visitmikkeli.fi/en/palvelut/okkola-rental-cottages-by-lake-saimaa",
        "address_checked_at": "2026-10-03"
      }
    },
    {
      "type": "Feature",
      "geometry": {
        "type": "Point",
        "coordinates": [
          27.899229,
          61.537817
        ]
      },
      "properties": {
        "lipas_id": "",
        "nimi": "OpasTiinan Pienniemen avanto",
        "kunta": "Puumala",
        "url": "https://visitpuumala.fi/talven-touhuja/avantouintipaikat-puumalassa/",
        "maksullinen": "",
        "kertapääsy": "",
        "pukuhuone": "",
        "sauna": "",
        "huomio": "Palveluntarjoaja: Opas-Guide Tiina Leinonen / Spirit Guide Saimaa",
        "id": "discovery_2026_09_21_opastiina_pienniemi",
        "source": "discovery_2026_09_21",
        "address": "",
        "address_source": "",
        "address_checked_at": ""
      }
    },
    {
      "type": "Feature",
      "geometry": {
        "type": "Point",
        "coordinates": [
          24.7532527,
          60.1498094
        ]
      },
      "properties": {
        "lipas_id": "",
        "nimi": "Löylykontti Matinkylä",
        "kunta": "Espoo",
        "url": "https://www.loylykontti.fi/fi/saunas/espoo/matinkyla",
        "maksullinen": "kyllä",
        "kertapääsy": "kyllä",
        "pukuhuone": "kyllä",
        "sauna": "kyllä",
        "huomio": "Palveluntarjoaja: Löylykontti Oy. Erillinen maksullinen palveluidentiteetti; liittyvä yleinen LIVE-kohde O020 Matinkylän talviuintipaikka. Kohdesivu ilmoittaa noin 120 m kävelymatkan viralliselle talviuintipaikalle. Master-ID: U045. WC: Bajamaja-WC.",
        "id": "master_u045_loylykontti_matinkyla",
        "source": "master_v2_2_pm_approved_2026_09_21",
        "website": "https://www.loylykontti.fi/fi/saunas/espoo/matinkyla",
        "website_source": "Löylykontti Oy:n virallinen kohdesivu",
        "website_checked_at": "2026-09-21",
        "address": "Nokkalanpolku 3, Espoo",
        "address_source": "",
        "address_checked_at": ""
      }
    },
    {
      "type": "Feature",
      "geometry": {
        "type": "Point",
        "coordinates": [
          24.6264852,
          60.1536634
        ]
      },
      "properties": {
        "lipas_id": "",
        "nimi": "Löylykontti Kivenlahti",
        "kunta": "Espoo",
        "url": "https://www.loylykontti.fi/fi/saunas/espoo/kivenlahti",
        "maksullinen": "kyllä",
        "kertapääsy": "kyllä",
        "pukuhuone": "kyllä",
        "sauna": "kyllä",
        "huomio": "Palveluntarjoaja: Löylykontti Oy. Erillinen maksullinen palveluidentiteetti; liittyvä yleinen LIVE-kohde O015 Kivenlahden talviuintipaikka. Kohdesivu ilmoittaa noin 90 m kävelymatkan talviuintipaikalle. Master-ID: U046. WC: Bajamaja-WC.",
        "id": "master_u046_loylykontti_kivenlahti",
        "source": "master_v2_2_pm_approved_2026_09_21",
        "website": "https://www.loylykontti.fi/fi/saunas/espoo/kivenlahti",
        "website_source": "Löylykontti Oy:n virallinen kohdesivu",
        "website_checked_at": "2026-09-21",
        "address": "Merivalkama 11, Espoo",
        "address_source": "",
        "address_checked_at": ""
      }
    },
    {
      "type": "Feature",
      "geometry": {
        "type": "Point",
        "coordinates": [
          24.749884,
          60.246312
        ]
      },
      "properties": {
        "lipas_id": "",
        "nimi": "Löylykontti Laaksolahti",
        "kunta": "Espoo",
        "url": "https://www.loylykontti.fi/fi/saunas/espoo/laaksolahti",
        "maksullinen": "kyllä",
        "kertapääsy": "kyllä",
        "pukuhuone": "kyllä",
        "sauna": "kyllä",
        "huomio": "Palveluntarjoaja: Löylykontti Oy. Erillinen maksullinen palveluidentiteetti; liittyvä yleinen LIVE-kohde O018 Laaksolahden talviuintipaikka. Kohdesivu ilmoittaa noin 60 m kävelymatkan viralliselle talviuintipaikalle. Master-ID: U047. Suihku: kyllä. WC: kyllä.",
        "id": "master_u047_loylykontti_laaksolahti",
        "source": "master_v2_2_pm_approved_2026_09_21",
        "website": "https://www.loylykontti.fi/fi/saunas/espoo/laaksolahti",
        "website_source": "Löylykontti Oy:n virallinen kohdesivu",
        "website_checked_at": "2026-09-21",
        "address": "Lähdepurontie 1, Espoo",
        "address_source": "",
        "address_checked_at": ""
      }
    },
    {
      "type": "Feature",
      "geometry": {
        "type": "Point",
        "coordinates": [
          24.9633132,
          60.1823069
        ]
      },
      "properties": {
        "lipas_id": "",
        "nimi": "Löylykontti Sörnäinen",
        "kunta": "Helsinki",
        "url": "https://www.loylykontti.fi/fi/saunas/helsinki/sornainen",
        "maksullinen": "kyllä",
        "kertapääsy": "kyllä",
        "pukuhuone": "kyllä",
        "sauna": "kyllä",
        "huomio": "Palveluntarjoaja: Löylykontti Oy. Itsenäinen maksullinen palvelu- ja uintikokonaisuus; kaksi saunaa ja lämmitetyt portaat suoraan omaan ympärivuotiseen uintipaikkaan. Master-ID: U004. Suihku: kyllä. WC: kyllä.",
        "id": "master_u004_loylykontti_sornainen",
        "source": "master_v2_2_pm_approved_2026_09_21",
        "website": "https://www.loylykontti.fi/fi/saunas/helsinki/sornainen",
        "website_source": "Löylykontti Oy:n virallinen kohdesivu",
        "website_checked_at": "2026-09-21",
        "address": "Sörnäisten Rantapromenadi, Helsinki",
        "address_source": "https://www.loylykontti.fi/fi/saunas/helsinki/sornainen",
        "address_checked_at": "2026-10-03"
      }
    },
    {
      "type": "Feature",
      "geometry": {
        "type": "Point",
        "coordinates": [
          28.0363281,
          63.2917041
        ]
      },
      "properties": {
        "lipas_id": "",
        "nimi": "Löylykontti Tahko",
        "kunta": "Kuopio",
        "url": "https://www.loylykontti.fi/fi/saunas/kuopio/tahko",
        "maksullinen": "kyllä",
        "kertapääsy": "kyllä",
        "pukuhuone": "kyllä",
        "sauna": "kyllä",
        "huomio": "Palveluntarjoaja: Löylykontti Oy. Itsenäinen maksullinen palvelu- ja uintikokonaisuus; oma koko talven ylläpidettävä avanto ja lämmitetyt portaat. Master-ID: U005. Suihku: kyllä. WC: kyllä.",
        "id": "master_u005_loylykontti_tahko",
        "source": "master_v2_2_pm_approved_2026_09_21",
        "website": "https://www.loylykontti.fi/fi/saunas/kuopio/tahko",
        "website_source": "Löylykontti Oy:n virallinen kohdesivu",
        "website_checked_at": "2026-09-21",
        "address": "Sääskiniementie 560, Kuopio",
        "address_source": "",
        "address_checked_at": ""
      }
    },
    {
      "type": "Feature",
      "geometry": {
        "type": "Point",
        "coordinates": [
          25.488823,
          65.0228537
        ]
      },
      "properties": {
        "lipas_id": "",
        "nimi": "Löylykontti Tuira",
        "kunta": "Oulu",
        "url": "https://www.loylykontti.fi/fi/saunas/oulu/tuira",
        "maksullinen": "kyllä",
        "kertapääsy": "kyllä",
        "pukuhuone": "kyllä",
        "sauna": "kyllä",
        "huomio": "Palveluntarjoaja: Löylykontti Oy. Erillinen maksullinen palveluidentiteetti samalla ranta-alueella; liittyvä yleinen LIVE-kohde O230 Tuiran talviuintipaikka. Palvelupisteet ovat noin 23 m päässä toisistaan. Master-ID: U048. Suihku: kyllä. WC: kyllä.",
        "id": "master_u048_loylykontti_tuira",
        "source": "master_v2_2_pm_approved_2026_09_21",
        "website": "https://www.loylykontti.fi/fi/saunas/oulu/tuira",
        "website_source": "Löylykontti Oy:n virallinen kohdesivu",
        "website_checked_at": "2026-09-21",
        "address": "Koskitie 58, Oulu",
        "address_source": "",
        "address_checked_at": ""
      }
    },
    {
      "type": "Feature",
      "geometry": {
        "type": "Point",
        "coordinates": [
          25.9326,
          66.5015249
        ]
      },
      "properties": {
        "lipas_id": "",
        "nimi": "Aino Private Islandin avanto",
        "kunta": "Rovaniemi",
        "url": "https://ainoprivateislandhotel.com/services/finnish-sauna-experiences/finnish_sauna_and_ice_swimming/",
        "maksullinen": "",
        "kertapääsy": "",
        "pukuhuone": "",
        "sauna": "",
        "huomio": "Master-ID: R004. Palveluntarjoaja: Aino Private Island Hotel. Osoite: Kuusamontie 900, 96900 Rovaniemi. Koordinaatin tyyppi: VIRALLISEN SIVUN KARTTAPISTE. Koordinaatti riittää palveluun navigointiin; uintilaiturin tai avannon tarkka piste voidaan täsmentää myöhemmin.",
        "id": "R004",
        "source": "master_v2_6_pm_approved_2026_10_03",
        "website": "https://ainoprivateislandhotel.com/services/finnish-sauna-experiences/finnish_sauna_and_ice_swimming/",
        "website_source": "Master v2.6 / W2 REVIEW-tarkistus",
        "website_checked_at": "2026-10-03",
        "address": "Kuusamontie 900, 96900 Rovaniemi",
        "address_source": "",
        "address_checked_at": ""
      }
    },
    {
      "type": "Feature",
      "geometry": {
        "type": "Point",
        "coordinates": [
          23.8650966,
          62.7751833
        ]
      },
      "properties": {
        "lipas_id": "",
        "nimi": "Valkealammen saunan avantouintipaikka",
        "kunta": "Alajärvi",
        "url": "https://alajarvi.fi/kulttuuri-ja-vapaa-aika/liikunta/valkealampi/sauna/",
        "maksullinen": "",
        "kertapääsy": "",
        "pukuhuone": "",
        "sauna": "",
        "huomio": "Master-ID: U055. Palveluntarjoaja: Alajärven kaupunki. Osoite: Valkealammentie 200, 63510 Lehtimäki. Koordinaatin tyyppi: NIMETTY PALVELUPISTE. Koordinaatti riittää palveluun navigointiin; uintilaiturin tai avannon tarkka piste voidaan täsmentää myöhemmin.",
        "id": "U055",
        "source": "master_v2_6_pm_approved_2026_10_03",
        "website": "https://alajarvi.fi/kulttuuri-ja-vapaa-aika/liikunta/valkealampi/sauna/",
        "website_source": "Master v2.6 / W2 REVIEW-tarkistus",
        "website_checked_at": "2026-10-03",
        "address": "Valkealammentie 200, 63510 Alajärvi",
        "address_source": "https://visitseinajokiregion.fi/en/kohteet/come-and-experience/valkealampi-outdoor-recreational-area/",
        "address_checked_at": "2026-10-03"
      }
    },
    {
      "type": "Feature",
      "geometry": {
        "type": "Point",
        "coordinates": [
          23.770736,
          62.6127256
        ]
      },
      "properties": {
        "lipas_id": "",
        "nimi": "Tuuri Resortsin avantouintipaikka",
        "kunta": "Alavus",
        "url": "https://www.tuuriresorts.fi/aktiviteetit-talvi",
        "maksullinen": "",
        "kertapääsy": "",
        "pukuhuone": "",
        "sauna": "",
        "huomio": "Master-ID: U053. Palveluntarjoaja: Tuuri Resorts. Osoite: Riihontie 200, 63610 Tuuri. Koordinaatin tyyppi: OSOITEPISTE – EI UINTIPISTE. Koordinaatti riittää palveluun navigointiin; uintilaiturin tai avannon tarkka piste voidaan täsmentää myöhemmin.",
        "id": "U053",
        "source": "master_v2_6_pm_approved_2026_10_03",
        "website": "https://www.tuuriresorts.fi/aktiviteetit-talvi",
        "website_source": "Master v2.6 / W2 REVIEW-tarkistus",
        "website_checked_at": "2026-10-03",
        "address": "Riihontie 200, 63610 Tuuri",
        "address_source": "",
        "address_checked_at": ""
      }
    },
    {
      "type": "Feature",
      "geometry": {
        "type": "Point",
        "coordinates": [
          23.7292419,
          68.3971012
        ]
      },
      "properties": {
        "lipas_id": "",
        "nimi": "Hetan Kodan sauna ja avanto",
        "kunta": "Enontekiö",
        "url": "https://www.visitfinland.com/en/product/56b20a10-efc8-4f03-be0b-7f5f0fbf60b4/hetan-kota-lakeside-sauna-and-ice-swimming-experience/",
        "maksullinen": "",
        "kertapääsy": "",
        "pukuhuone": "",
        "sauna": "",
        "huomio": "Master-ID: U037. Palveluntarjoaja: HetanKota Oy. Osoite: Ounastie 583, 99400 Enontekiö. Koordinaatin tyyppi: TARKISTETTU PALVELU-/OSOITEPISTE. Koordinaatti riittää palveluun navigointiin; uintilaiturin tai avannon tarkka piste voidaan täsmentää myöhemmin.",
        "id": "U037",
        "source": "master_v2_6_pm_approved_2026_10_03",
        "website": "https://www.visitfinland.com/en/product/56b20a10-efc8-4f03-be0b-7f5f0fbf60b4/hetan-kota-lakeside-sauna-and-ice-swimming-experience/",
        "website_source": "Master v2.6 / W2 REVIEW-tarkistus",
        "website_checked_at": "2026-10-03",
        "address": "Ounastie 583, 99400 Enontekiö",
        "address_source": "",
        "address_checked_at": ""
      }
    },
    {
      "type": "Feature",
      "geometry": {
        "type": "Point",
        "coordinates": [
          23.646681,
          68.3860583
        ]
      },
      "properties": {
        "lipas_id": "",
        "nimi": "Roima Rantasavun avanto",
        "kunta": "Enontekiö",
        "url": "https://roimarantasavu.fi/hankkeet/",
        "maksullinen": "",
        "kertapääsy": "",
        "pukuhuone": "",
        "sauna": "",
        "huomio": "Master-ID: U036. Palveluntarjoaja: Roima Rantasavu Oy. Osoite: Ounastie 401, Hetta. Koordinaatin tyyppi: OSOITEPISTE – EI UINTIPISTE. Koordinaatti riittää palveluun navigointiin; uintilaiturin tai avannon tarkka piste voidaan täsmentää myöhemmin.",
        "id": "U036",
        "source": "master_v2_6_pm_approved_2026_10_03",
        "website": "https://roimarantasavu.fi/hankkeet/",
        "website_source": "Master v2.6 / W2 REVIEW-tarkistus",
        "website_checked_at": "2026-10-03",
        "address": "Ounastie 401, Hetta",
        "address_source": "",
        "address_checked_at": ""
      }
    },
    {
      "type": "Feature",
      "geometry": {
        "type": "Point",
        "coordinates": [
          19.968567,
          60.2349488
        ]
      },
      "properties": {
        "lipas_id": "",
        "nimi": "Grelsby Strandin talviuinti",
        "kunta": "Finström",
        "url": "https://grelsby.ax/",
        "maksullinen": "",
        "kertapääsy": "",
        "pukuhuone": "",
        "sauna": "",
        "huomio": "Master-ID: U058. Palveluntarjoaja: Grelsby Strand. Osoite: Stornäsvägen 40, 22410 Finström. Koordinaatin tyyppi: OSOITEPISTE – EI UINTIPISTE. Koordinaatti riittää palveluun navigointiin; uintilaiturin tai avannon tarkka piste voidaan täsmentää myöhemmin.",
        "id": "U058",
        "source": "master_v2_6_pm_approved_2026_10_03",
        "website": "https://grelsby.ax/",
        "website_source": "Master v2.6 / W2 REVIEW-tarkistus",
        "website_checked_at": "2026-10-03",
        "address": "Stornäsvägen 40, 22410 Finström",
        "address_source": "",
        "address_checked_at": ""
      }
    },
    {
      "type": "Feature",
      "geometry": {
        "type": "Point",
        "coordinates": [
          19.9016667,
          60.4216667
        ]
      },
      "properties": {
        "lipas_id": "",
        "nimi": "Havsviddenin talviuinti",
        "kunta": "Geta",
        "url": "https://www.aland.com/artikel/vinterbad-en-uppfriskande-upplevelse",
        "maksullinen": "",
        "kertapääsy": "",
        "pukuhuone": "",
        "sauna": "",
        "huomio": "Master-ID: U039. Palveluntarjoaja: Havsvidden. Osoite: Havsviddsvägen 90, 22340 Geta. Koordinaatin tyyppi: SATAMA-/PALVELUPISTE. Koordinaatti riittää palveluun navigointiin; uintilaiturin tai avannon tarkka piste voidaan täsmentää myöhemmin.",
        "id": "U039",
        "source": "master_v2_6_pm_approved_2026_10_03",
        "website": "https://www.aland.com/artikel/vinterbad-en-uppfriskande-upplevelse",
        "website_source": "Master v2.6 / W2 REVIEW-tarkistus",
        "website_checked_at": "2026-10-03",
        "address": "Havsviddsvägen 90, 22340 Geta",
        "address_source": "https://www.aland.com/en/artikel/havsvidden-aland-flavours-by-the-sea",
        "address_checked_at": "2026-10-03"
      }
    },
    {
      "type": "Feature",
      "geometry": {
        "type": "Point",
        "coordinates": [
          26.5204386,
          62.3299981
        ]
      },
      "properties": {
        "lipas_id": "",
        "nimi": "Revontuli Resortin avannot",
        "kunta": "Hankasalmi",
        "url": "https://revontuli.fi/sauna/",
        "maksullinen": "",
        "kertapääsy": "",
        "pukuhuone": "",
        "sauna": "",
        "huomio": "Master-ID: U026. Palveluntarjoaja: Revontuli Resort. Osoite: Revontulentie 1, 41500 Hankasalmi. Koordinaatin tyyppi: OSOITEPISTE – EI UINTIPISTE. Koordinaatti riittää palveluun navigointiin; uintilaiturin tai avannon tarkka piste voidaan täsmentää myöhemmin.",
        "id": "U026",
        "source": "master_v2_6_pm_approved_2026_10_03",
        "website": "https://revontuli.fi/sauna/",
        "website_source": "Master v2.6 / W2 REVIEW-tarkistus",
        "website_checked_at": "2026-10-03",
        "address": "Revontulentie 1, 41500 Hankasalmi",
        "address_source": "",
        "address_checked_at": ""
      }
    },
    {
      "type": "Feature",
      "geometry": {
        "type": "Point",
        "coordinates": [
          24.2914474,
          60.9738021
        ]
      },
      "properties": {
        "lipas_id": "",
        "nimi": "Inkalan Kartanon avanto",
        "kunta": "Hattula",
        "url": "https://www.inkalankartano.fi/majoitus-ja-sauna/ranta-ja-savusauna",
        "maksullinen": "",
        "kertapääsy": "",
        "pukuhuone": "",
        "sauna": "",
        "huomio": "Master-ID: U073. Palveluntarjoaja: Inkalan Kartano Oy. Osoite: Inkalantie 91, 13500 Hämeenlinna (Hattula). Koordinaatin tyyppi: OSOITEPISTE – EI UINTIPISTE. Koordinaatti riittää palveluun navigointiin; uintilaiturin tai avannon tarkka piste voidaan täsmentää myöhemmin.",
        "id": "U073",
        "source": "master_v2_6_pm_approved_2026_10_03",
        "website": "https://www.inkalankartano.fi/majoitus-ja-sauna/ranta-ja-savusauna",
        "website_source": "Master v2.6 / W2 REVIEW-tarkistus",
        "website_checked_at": "2026-10-03",
        "address": "Inkalantie 91, 13500 Hämeenlinna (Hattula)",
        "address_source": "",
        "address_checked_at": ""
      }
    },
    {
      "type": "Feature",
      "geometry": {
        "type": "Point",
        "coordinates": [
          24.9632065,
          60.1780294
        ]
      },
      "properties": {
        "lipas_id": "",
        "nimi": "Kulttuurisauna",
        "kunta": "Helsinki",
        "url": "https://kulttuurisauna.fi/",
        "maksullinen": "",
        "kertapääsy": "",
        "pukuhuone": "",
        "sauna": "",
        "huomio": "Master-ID: U001. Palveluntarjoaja: Kulttuurisauna. Osoite: Hakaniemenranta 17. Koordinaatin tyyppi: OSOITEPISTE – EI UINTIPISTE. Koordinaatti riittää palveluun navigointiin; uintilaiturin tai avannon tarkka piste voidaan täsmentää myöhemmin.",
        "id": "U001",
        "source": "master_v2_6_pm_approved_2026_10_03",
        "website": "https://kulttuurisauna.fi/",
        "website_source": "Master v2.6 / W2 REVIEW-tarkistus",
        "website_checked_at": "2026-10-03",
        "address": "Hakaniemenranta 17",
        "address_source": "",
        "address_checked_at": ""
      }
    },
    {
      "type": "Feature",
      "geometry": {
        "type": "Point",
        "coordinates": [
          25.0617236,
          60.1840529
        ]
      },
      "properties": {
        "lipas_id": "",
        "nimi": "Laajarannan talviuintipaikka",
        "kunta": "Helsinki",
        "url": "https://www.laajasalo-degero.fi/talviuinti/",
        "maksullinen": "",
        "kertapääsy": "",
        "pukuhuone": "",
        "sauna": "",
        "huomio": "Master-ID: U002. Palveluntarjoaja: Laajasalo-Degerö Seura ry. Koordinaatin tyyppi: TARKISTETTU PALVELU-/OSOITEPISTE. Koordinaatti riittää palveluun navigointiin; uintilaiturin tai avannon tarkka piste voidaan täsmentää myöhemmin.",
        "id": "U002",
        "source": "master_v2_6_pm_approved_2026_10_03",
        "website": "https://www.laajasalo-degero.fi/talviuinti/",
        "website_source": "Master v2.6 / W2 REVIEW-tarkistus",
        "website_checked_at": "2026-10-03",
        "address": "",
        "address_source": "",
        "address_checked_at": ""
      }
    },
    {
      "type": "Feature",
      "geometry": {
        "type": "Point",
        "coordinates": [
          24.9916474,
          60.181076
        ]
      },
      "properties": {
        "lipas_id": "",
        "nimi": "Laguuni Mustikkamaan talviuintipaikka",
        "kunta": "Helsinki",
        "url": "https://laguuniin.fi/talviuinti-avanto/",
        "maksullinen": "",
        "kertapääsy": "",
        "pukuhuone": "",
        "sauna": "",
        "huomio": "Master-ID: U061. Palveluntarjoaja: Laguuni. Osoite: Mustikkamaantie 8, Helsinki. Koordinaatin tyyppi: TARKISTETTU PALVELU-/OSOITEPISTE. Koordinaatti riittää palveluun navigointiin; uintilaiturin tai avannon tarkka piste voidaan täsmentää myöhemmin.",
        "id": "U061",
        "source": "master_v2_6_pm_approved_2026_10_03",
        "website": "https://laguuniin.fi/talviuinti-avanto/",
        "website_source": "Master v2.6 / W2 REVIEW-tarkistus",
        "website_checked_at": "2026-10-03",
        "address": "Mustikkamaantie 8, Helsinki",
        "address_source": "",
        "address_checked_at": ""
      }
    },
    {
      "type": "Feature",
      "geometry": {
        "type": "Point",
        "coordinates": [
          23.3679175,
          60.9212302
        ]
      },
      "properties": {
        "lipas_id": "",
        "nimi": "Koivistonlammin talviuinti",
        "kunta": "Humppila",
        "url": "https://www.humppila.fi/vapaa-aika-ja-matkailu/liikunta/liikuntapaikat/uimapaikat/",
        "maksullinen": "",
        "kertapääsy": "",
        "pukuhuone": "",
        "sauna": "",
        "huomio": "Master-ID: U013. Palveluntarjoaja: Humppilan kunta. Osoite: Kätöntie 9, 31640 Humppila. Koordinaatin tyyppi: TARKISTETTU PALVELU-/OSOITEPISTE. Koordinaatti riittää palveluun navigointiin; uintilaiturin tai avannon tarkka piste voidaan täsmentää myöhemmin.",
        "id": "U013",
        "source": "master_v2_6_pm_approved_2026_10_03",
        "website": "https://www.humppila.fi/vapaa-aika-ja-matkailu/liikunta/liikuntapaikat/uimapaikat/",
        "website_source": "Master v2.6 / W2 REVIEW-tarkistus",
        "website_checked_at": "2026-10-03",
        "address": "Kätöntie 9, 31640 Humppila",
        "address_source": "",
        "address_checked_at": ""
      }
    },
    {
      "type": "Feature",
      "geometry": {
        "type": "Point",
        "coordinates": [
          24.5490242,
          60.9786668
        ]
      },
      "properties": {
        "lipas_id": "",
        "nimi": "Kipinäniemen talviuinti",
        "kunta": "Hämeenlinna",
        "url": "https://www.pulahtajat.fi/?page_id=20",
        "maksullinen": "",
        "kertapääsy": "",
        "pukuhuone": "",
        "sauna": "",
        "huomio": "Master-ID: U012. Palveluntarjoaja: Avantouinti- ja saunaseura Pulahtajat ry. Osoite: Kipinäniementie 42. Koordinaatin tyyppi: TARKISTETTU PALVELU-/OSOITEPISTE. Koordinaatti riittää palveluun navigointiin; uintilaiturin tai avannon tarkka piste voidaan täsmentää myöhemmin.",
        "id": "U012",
        "source": "master_v2_6_pm_approved_2026_10_03",
        "website": "https://www.pulahtajat.fi/?page_id=20",
        "website_source": "Master v2.6 / W2 REVIEW-tarkistus",
        "website_checked_at": "2026-10-03",
        "address": "Kipinäniementie 42",
        "address_source": "",
        "address_checked_at": ""
      }
    },
    {
      "type": "Feature",
      "geometry": {
        "type": "Point",
        "coordinates": [
          25.7745899,
          62.1482353
        ]
      },
      "properties": {
        "lipas_id": "",
        "nimi": "Juurikkasaaren talviuinti",
        "kunta": "Jyväskylä",
        "url": "https://www.juurikkasaari.fi/saunat-ja-aktiviteetit/saunamaailma-talvi/",
        "maksullinen": "",
        "kertapääsy": "",
        "pukuhuone": "",
        "sauna": "",
        "huomio": "Master-ID: U023. Palveluntarjoaja: Juurikkasaari. Osoite: Juurikantie 5, Säynätsalo. Koordinaatin tyyppi: OSOITEPISTE – EI UINTIPISTE. Koordinaatti riittää palveluun navigointiin; uintilaiturin tai avannon tarkka piste voidaan täsmentää myöhemmin.",
        "id": "U023",
        "source": "master_v2_6_pm_approved_2026_10_03",
        "website": "https://www.juurikkasaari.fi/saunat-ja-aktiviteetit/saunamaailma-talvi/",
        "website_source": "Master v2.6 / W2 REVIEW-tarkistus",
        "website_checked_at": "2026-10-03",
        "address": "Juurikantie 5, Säynätsalo",
        "address_source": "",
        "address_checked_at": ""
      }
    },
    {
      "type": "Feature",
      "geometry": {
        "type": "Point",
        "coordinates": [
          25.6899625,
          62.2619644
        ]
      },
      "properties": {
        "lipas_id": "",
        "nimi": "Lampilan avantosaunat",
        "kunta": "Jyväskylä",
        "url": "https://saunalampila.fi/",
        "maksullinen": "",
        "kertapääsy": "",
        "pukuhuone": "",
        "sauna": "",
        "huomio": "Master-ID: U021. Palveluntarjoaja: Lampila. Osoite: Hikipolku 12, 40740 Jyväskylä. Koordinaatin tyyppi: OSOITEPISTE – EI UINTIPISTE. Koordinaatti riittää palveluun navigointiin; uintilaiturin tai avannon tarkka piste voidaan täsmentää myöhemmin.",
        "id": "U021",
        "source": "master_v2_6_pm_approved_2026_10_03",
        "website": "https://saunalampila.fi/",
        "website_source": "Master v2.6 / W2 REVIEW-tarkistus",
        "website_checked_at": "2026-10-03",
        "address": "Hikipolku 12, 40740 Jyväskylä",
        "address_source": "",
        "address_checked_at": ""
      }
    },
    {
      "type": "Feature",
      "geometry": {
        "type": "Point",
        "coordinates": [
          25.7237519,
          62.2673604
        ]
      },
      "properties": {
        "lipas_id": "",
        "nimi": "Mankolan saunan avantouintipaikka",
        "kunta": "Jyväskylä",
        "url": "https://perinnesaunojat.fi/mankolan-sauna/",
        "maksullinen": "",
        "kertapääsy": "",
        "pukuhuone": "",
        "sauna": "",
        "huomio": "Master-ID: U070. Palveluntarjoaja: Jyvässeudun perinnesaunojat ry. Osoite: Valakankatu 9, 40200 Jyväskylä. Koordinaatin tyyppi: TARKISTETTU PALVELU-/OSOITEPISTE. Koordinaatti riittää palveluun navigointiin; uintilaiturin tai avannon tarkka piste voidaan täsmentää myöhemmin.",
        "id": "U070",
        "source": "master_v2_6_pm_approved_2026_10_03",
        "website": "https://perinnesaunojat.fi/mankolan-sauna/",
        "website_source": "Master v2.6 / W2 REVIEW-tarkistus",
        "website_checked_at": "2026-10-03",
        "address": "Valakankatu 9, 40200 Jyväskylä",
        "address_source": "",
        "address_checked_at": ""
      }
    },
    {
      "type": "Feature",
      "geometry": {
        "type": "Point",
        "coordinates": [
          25.7609444,
          62.2353889
        ]
      },
      "properties": {
        "lipas_id": "",
        "nimi": "Sataman Viilu",
        "kunta": "Jyväskylä",
        "url": "https://satamanviilu.fi/",
        "maksullinen": "",
        "kertapääsy": "",
        "pukuhuone": "",
        "sauna": "",
        "huomio": "Master-ID: U022. Palveluntarjoaja: Sataman Viilu. Koordinaatin tyyppi: VIRALLISEN SIVUN KOORDINAATTI. Koordinaatti riittää palveluun navigointiin; uintilaiturin tai avannon tarkka piste voidaan täsmentää myöhemmin.",
        "id": "U022",
        "source": "master_v2_6_pm_approved_2026_10_03",
        "website": "https://satamanviilu.fi/",
        "website_source": "Master v2.6 / W2 REVIEW-tarkistus",
        "website_checked_at": "2026-10-03",
        "address": "Satamakatu 10, 40520 Jyväskylä",
        "address_source": "https://visitfinland.com/en/product/c2773d71-e372-4778-b04c-345010c1f27e/unique-sauna-experiencesby-sataman-viilu",
        "address_checked_at": "2026-10-03"
      }
    },
    {
      "type": "Feature",
      "geometry": {
        "type": "Point",
        "coordinates": [
          25.2867677,
          61.882383
        ]
      },
      "properties": {
        "lipas_id": "",
        "nimi": "Himoksen Saunapihan avanto",
        "kunta": "Jämsä",
        "url": "https://himoslomat.fi/yrityksille-ja-ryhmille/saunat/saunapiha/",
        "maksullinen": "",
        "kertapääsy": "",
        "pukuhuone": "",
        "sauna": "",
        "huomio": "Master-ID: U031. Palveluntarjoaja: HimosLomat. Osoite: Säyryläntie 445, 42100 Jämsä. Koordinaatin tyyppi: PALVELUALUEPISTE. Piste on Himos Areenan/Saunapihan palvelualuepiste Patalahden rannalla eikä tarkka laituri- tai avantopiste.",
        "id": "U031",
        "source": "master_v2_6_pm_approved_2026_10_03",
        "website": "https://himoslomat.fi/yrityksille-ja-ryhmille/saunat/saunapiha/",
        "website_source": "Master v2.6 / W2 REVIEW-tarkistus",
        "website_checked_at": "2026-10-03",
        "address": "Säyryläntie 445, 42100 Jämsä",
        "address_source": "",
        "address_checked_at": ""
      }
    },
    {
      "type": "Feature",
      "geometry": {
        "type": "Point",
        "coordinates": [
          25.0791708,
          60.4540241
        ]
      },
      "properties": {
        "lipas_id": "",
        "nimi": "STEP-koulutuskeskuksen talviuintiranta",
        "kunta": "Järvenpää",
        "url": "https://jarvenpaanlatu.fi/toiminta/talviuinti/",
        "maksullinen": "",
        "kertapääsy": "",
        "pukuhuone": "",
        "sauna": "",
        "huomio": "Master-ID: U051. Palveluntarjoaja: Järvenpään Latu ry. Koordinaatin tyyppi: TARKISTETTU PALVELU-/OSOITEPISTE. Koordinaatti riittää palveluun navigointiin; uintilaiturin tai avannon tarkka piste voidaan täsmentää myöhemmin.",
        "id": "U051",
        "source": "master_v2_6_pm_approved_2026_10_03",
        "website": "https://jarvenpaanlatu.fi/toiminta/talviuinti/",
        "website_source": "Master v2.6 / W2 REVIEW-tarkistus",
        "website_checked_at": "2026-10-03",
        "address": "Järvenpääntie 640, 04400 Järvenpää",
        "address_source": "https://www.visittuusulanjarvi.fi/en/?p=2172",
        "address_checked_at": "2026-10-03"
      }
    },
    {
      "type": "Feature",
      "geometry": {
        "type": "Point",
        "coordinates": [
          25.0822142,
          60.4639772
        ]
      },
      "properties": {
        "lipas_id": "",
        "nimi": "Tervanokan saunan talviuintipaikka",
        "kunta": "Järvenpää",
        "url": "https://www.tervanokansatama.com/",
        "maksullinen": "",
        "kertapääsy": "",
        "pukuhuone": "",
        "sauna": "",
        "huomio": "Master-ID: U052. Palveluntarjoaja: Tervanokan Satama. Osoite: Tervanokantie 10, Järvenpää. Koordinaatin tyyppi: OSOITEPISTE – EI UINTIPISTE. Koordinaatti riittää palveluun navigointiin; uintilaiturin tai avannon tarkka piste voidaan täsmentää myöhemmin.",
        "id": "U052",
        "source": "master_v2_6_pm_approved_2026_10_03",
        "website": "https://www.tervanokansatama.com/",
        "website_source": "Master v2.6 / W2 REVIEW-tarkistus",
        "website_checked_at": "2026-10-03",
        "address": "Tervanokantie 10, Järvenpää",
        "address_source": "",
        "address_checked_at": ""
      }
    },
    {
      "type": "Feature",
      "geometry": {
        "type": "Point",
        "coordinates": [
          22.194485,
          61.8216503
        ]
      },
      "properties": {
        "lipas_id": "",
        "nimi": "Venesjärven Kootan Saunan avantouintipaikka",
        "kunta": "Kankaanpää",
        "url": "https://www.kankaanpaa.fi/kulttuuri-liikunta-ja-nuoriso/liikunta/uimarannat/",
        "maksullinen": "",
        "kertapääsy": "",
        "pukuhuone": "",
        "sauna": "",
        "huomio": "Master-ID: U056. Osoite: Sahanranta 19. Koordinaatin tyyppi: TARKISTETTU PALVELU-/OSOITEPISTE. Koordinaatti riittää palveluun navigointiin; uintilaiturin tai avannon tarkka piste voidaan täsmentää myöhemmin.",
        "id": "U056",
        "source": "master_v2_6_pm_approved_2026_10_03",
        "website": "https://www.kankaanpaa.fi/kulttuuri-liikunta-ja-nuoriso/liikunta/uimarannat/",
        "website_source": "Master v2.6 / W2 REVIEW-tarkistus",
        "website_checked_at": "2026-10-03",
        "address": "Sahanranta 19",
        "address_source": "",
        "address_checked_at": ""
      }
    },
    {
      "type": "Feature",
      "geometry": {
        "type": "Point",
        "coordinates": [
          24.19885,
          60.5350063
        ]
      },
      "properties": {
        "lipas_id": "",
        "nimi": "Vattolan uimarannan avantouintipaikka",
        "kunta": "Karkkila",
        "url": "https://karkkila.fi/kulttuuri-vapaa-aika/liikunta/vesiliikunta/",
        "maksullinen": "",
        "kertapääsy": "",
        "pukuhuone": "",
        "sauna": "",
        "huomio": "Master-ID: U062. Palveluntarjoaja: Karkkilan kaupunki. Osoite: Pyhäjärvenraitti 1, Karkkila. Koordinaatin tyyppi: OSOITEPISTE – EI UINTIPISTE. Koordinaatti riittää palveluun navigointiin; uintilaiturin tai avannon tarkka piste voidaan täsmentää myöhemmin.",
        "id": "U062",
        "source": "master_v2_6_pm_approved_2026_10_03",
        "website": "https://karkkila.fi/kulttuuri-vapaa-aika/liikunta/vesiliikunta/",
        "website_source": "Master v2.6 / W2 REVIEW-tarkistus",
        "website_checked_at": "2026-10-03",
        "address": "Pyhäjärvenraitti 1, Karkkila",
        "address_source": "",
        "address_checked_at": ""
      }
    },
    {
      "type": "Feature",
      "geometry": {
        "type": "Point",
        "coordinates": [
          22.5366553,
          62.1382364
        ]
      },
      "properties": {
        "lipas_id": "",
        "nimi": "Karvian Karavan avantouinti",
        "kunta": "Karvia",
        "url": "https://karviankaravan.fi/vuokraus/",
        "maksullinen": "",
        "kertapääsy": "",
        "pukuhuone": "",
        "sauna": "",
        "huomio": "Master-ID: U041. Palveluntarjoaja: Karvian Karavan. Koordinaatin tyyppi: TARKISTETTU PALVELU-/OSOITEPISTE. Koordinaatti riittää palveluun navigointiin; uintilaiturin tai avannon tarkka piste voidaan täsmentää myöhemmin.",
        "id": "U041",
        "source": "master_v2_6_pm_approved_2026_10_03",
        "website": "https://karviankaravan.fi/vuokraus/",
        "website_source": "Master v2.6 / W2 REVIEW-tarkistus",
        "website_checked_at": "2026-10-03",
        "address": "",
        "address_source": "",
        "address_checked_at": ""
      }
    },
    {
      "type": "Feature",
      "geometry": {
        "type": "Point",
        "coordinates": [
          22.1083044,
          62.314361
        ]
      },
      "properties": {
        "lipas_id": "",
        "nimi": "Hiukkajärven avantouinti",
        "kunta": "Kauhajoki",
        "url": "https://kauhajoki.fi/hyvinvointi-ja-vapaa-aika/matkailu-ja-luonto/aktiviteetit-ja-palvelut-2/",
        "maksullinen": "",
        "kertapääsy": "",
        "pukuhuone": "",
        "sauna": "",
        "huomio": "Master-ID: U017. Palveluntarjoaja: Päntäneen metsästysseura. Osoite: Hiukkajärventie 220, 61980 Kauhajoki. Koordinaatin tyyppi: OSOITEPISTE – EI UINTIPISTE. Koordinaatti riittää palveluun navigointiin; uintilaiturin tai avannon tarkka piste voidaan täsmentää myöhemmin.",
        "id": "U017",
        "source": "master_v2_6_pm_approved_2026_10_03",
        "website": "https://kauhajoki.fi/hyvinvointi-ja-vapaa-aika/matkailu-ja-luonto/aktiviteetit-ja-palvelut-2/",
        "website_source": "Master v2.6 / W2 REVIEW-tarkistus",
        "website_checked_at": "2026-10-03",
        "address": "Hiukkajärventie 220, 61980 Kauhajoki",
        "address_source": "",
        "address_checked_at": ""
      }
    },
    {
      "type": "Feature",
      "geometry": {
        "type": "Point",
        "coordinates": [
          22.7231269,
          63.1973417
        ]
      },
      "properties": {
        "lipas_id": "",
        "nimi": "Ylihärmän reserviläisten avantosauna",
        "kunta": "Kauhava",
        "url": "https://kauhava.fi/vapaa_aika/liikunta/liikuntapaikat/avantouinti/",
        "maksullinen": "",
        "kertapääsy": "",
        "pukuhuone": "",
        "sauna": "",
        "huomio": "Master-ID: U074. Palveluntarjoaja: Ylihärmän reserviläiset ry. Osoite: Ekotie 275 B, 62300 Härmä. Koordinaatin tyyppi: TARKISTETTU PALVELU-/OSOITEPISTE. Koordinaatti riittää palveluun navigointiin; uintilaiturin tai avannon tarkka piste voidaan täsmentää myöhemmin.",
        "id": "U074",
        "source": "master_v2_6_pm_approved_2026_10_03",
        "website": "https://kauhava.fi/vapaa_aika/liikunta/liikuntapaikat/avantouinti/",
        "website_source": "Master v2.6 / W2 REVIEW-tarkistus",
        "website_checked_at": "2026-10-03",
        "address": "Ekotie 275 B, 62300 Härmä",
        "address_source": "",
        "address_checked_at": ""
      }
    },
    {
      "type": "Feature",
      "geometry": {
        "type": "Point",
        "coordinates": [
          24.6559877,
          62.2039524
        ]
      },
      "properties": {
        "lipas_id": "",
        "nimi": "Keurusselkä Resortin avanto",
        "kunta": "Keuruu",
        "url": "https://www.keurusselkaresort.fi/talviloma-keurusselassa-2026/",
        "maksullinen": "",
        "kertapääsy": "",
        "pukuhuone": "",
        "sauna": "",
        "huomio": "Master-ID: U025. Palveluntarjoaja: Keurusselkä Resort. Osoite: Keurusseläntie 134, 42700 Keuruu. Koordinaatin tyyppi: OSOITEPISTE – EI UINTIPISTE. Koordinaatti riittää palveluun navigointiin; uintilaiturin tai avannon tarkka piste voidaan täsmentää myöhemmin.",
        "id": "U025",
        "source": "master_v2_6_pm_approved_2026_10_03",
        "website": "https://www.keurusselkaresort.fi/talviloma-keurusselassa-2026/",
        "website_source": "Master v2.6 / W2 REVIEW-tarkistus",
        "website_checked_at": "2026-10-03",
        "address": "Keurusseläntie 134, 42700 Keuruu",
        "address_source": "",
        "address_checked_at": ""
      }
    },
    {
      "type": "Feature",
      "geometry": {
        "type": "Point",
        "coordinates": [
          24.5322148,
          67.7106269
        ]
      },
      "properties": {
        "lipas_id": "",
        "nimi": "Aakenuspirtin avanto",
        "kunta": "Kittilä",
        "url": "https://www.levi.fi/palvelut/aakenuspirtit/",
        "maksullinen": "",
        "kertapääsy": "",
        "pukuhuone": "",
        "sauna": "",
        "huomio": "Master-ID: W2-024. Osoite: Aakenuksentie 1852, 99130 Kittilä. Koordinaatin tyyppi: OSOITEPISTE. Koordinaatti riittää palveluun navigointiin; uintilaiturin tai avannon tarkka piste voidaan täsmentää myöhemmin.",
        "id": "W2-024",
        "source": "master_v2_6_pm_approved_2026_10_03",
        "website": "https://www.levi.fi/palvelut/aakenuspirtit/",
        "website_source": "Master v2.6 / W2 REVIEW-tarkistus",
        "website_checked_at": "2026-10-03",
        "address": "Aakenuksentie 1852, 99130 Kittilä",
        "address_source": "https://visitfinland.com/en/product/ac0dfd6d-1806-41b6-b6ce-708f644ca766/sauna-swim",
        "address_checked_at": "2026-10-03"
      }
    },
    {
      "type": "Feature",
      "geometry": {
        "type": "Point",
        "coordinates": [
          27.647205,
          62.8672642
        ]
      },
      "properties": {
        "lipas_id": "",
        "nimi": "Rauhalahden Jätkänkämpän avanto",
        "kunta": "Kuopio",
        "url": "https://www.rauhalahti.fi/jatkankamppa/perinne-ja-savusaunaillat/",
        "maksullinen": "",
        "kertapääsy": "",
        "pukuhuone": "",
        "sauna": "",
        "huomio": "Master-ID: U032. Palveluntarjoaja: Kylpylähotelli Rauhalahti. Osoite: Katiskaniementie 8, 70700 Kuopio. Koordinaatin tyyppi: OSOITEPISTE – EI UINTIPISTE. Koordinaatti riittää palveluun navigointiin; uintilaiturin tai avannon tarkka piste voidaan täsmentää myöhemmin.",
        "id": "U032",
        "source": "master_v2_6_pm_approved_2026_10_03",
        "website": "https://www.rauhalahti.fi/jatkankamppa/perinne-ja-savusaunaillat/",
        "website_source": "Master v2.6 / W2 REVIEW-tarkistus",
        "website_checked_at": "2026-10-03",
        "address": "Katiskaniementie 8, 70700 Kuopio",
        "address_source": "",
        "address_checked_at": ""
      }
    },
    {
      "type": "Feature",
      "geometry": {
        "type": "Point",
        "coordinates": [
          27.6840283,
          62.9549621
        ]
      },
      "properties": {
        "lipas_id": "",
        "nimi": "Sorsasalon talviuintipaikka",
        "kunta": "Kuopio",
        "url": "https://www.kuopiontalviuimarit.com/l/syksyn-2026-info/",
        "maksullinen": "",
        "kertapääsy": "",
        "pukuhuone": "",
        "sauna": "",
        "huomio": "Master-ID: U033. Palveluntarjoaja: Kuopion Talviuimarit ry. Koordinaatin tyyppi: TARKISTETTU PALVELU-/OSOITEPISTE. Koordinaatti riittää palveluun navigointiin; uintilaiturin tai avannon tarkka piste voidaan täsmentää myöhemmin.",
        "id": "U033",
        "source": "master_v2_6_pm_approved_2026_10_03",
        "website": "https://www.kuopiontalviuimarit.com/l/syksyn-2026-info/",
        "website_source": "Master v2.6 / W2 REVIEW-tarkistus",
        "website_checked_at": "2026-10-03",
        "address": "",
        "address_source": "",
        "address_checked_at": ""
      }
    },
    {
      "type": "Feature",
      "geometry": {
        "type": "Point",
        "coordinates": [
          22.7606281,
          62.4873584
        ]
      },
      "properties": {
        "lipas_id": "",
        "nimi": "Lamminjärven avantosauna",
        "kunta": "Kurikka",
        "url": "https://kurikka.fi/jalasjarven-lamminjarven-avantokausi-kaynnistyy-taas-lokakuun-alussa/",
        "maksullinen": "",
        "kertapääsy": "",
        "pukuhuone": "",
        "sauna": "",
        "huomio": "Master-ID: U018. Palveluntarjoaja: Kurikan kaupunki. Osoite: Kisatie 2, 61600 Jalasjärvi. Koordinaatin tyyppi: TARKISTETTU PALVELU-/OSOITEPISTE. Koordinaatti riittää palveluun navigointiin; uintilaiturin tai avannon tarkka piste voidaan täsmentää myöhemmin.",
        "id": "U018",
        "source": "master_v2_6_pm_approved_2026_10_03",
        "website": "https://kurikka.fi/jalasjarven-lamminjarven-avantokausi-kaynnistyy-taas-lokakuun-alussa/",
        "website_source": "Master v2.6 / W2 REVIEW-tarkistus",
        "website_checked_at": "2026-10-03",
        "address": "Kisatie 2, 61600 Jalasjärvi",
        "address_source": "",
        "address_checked_at": ""
      }
    },
    {
      "type": "Feature",
      "geometry": {
        "type": "Point",
        "coordinates": [
          20.9118393,
          59.9210574
        ]
      },
      "properties": {
        "lipas_id": "",
        "nimi": "Hotell Brudhällin talviuinti",
        "kunta": "Kökar",
        "url": "https://www.aland.com/artikel/vinterbad-en-uppfriskande-upplevelse",
        "maksullinen": "",
        "kertapääsy": "",
        "pukuhuone": "",
        "sauna": "",
        "huomio": "Master-ID: U038. Palveluntarjoaja: Hotell Brudhäll. Osoite: Karlby, 22730 Kökar. Koordinaatin tyyppi: NIMETTY PALVELUPISTE. Koordinaatti riittää palveluun navigointiin; uintilaiturin tai avannon tarkka piste voidaan täsmentää myöhemmin.",
        "id": "U038",
        "source": "master_v2_6_pm_approved_2026_10_03",
        "website": "https://www.aland.com/artikel/vinterbad-en-uppfriskande-upplevelse",
        "website_source": "Master v2.6 / W2 REVIEW-tarkistus",
        "website_checked_at": "2026-10-03",
        "address": "Karlby, 22730 Kökar",
        "address_source": "https://food.booking.com/hotel/fi/brudhall-hotell-amp-restaurang.en-gb.html",
        "address_checked_at": "2026-10-03"
      }
    },
    {
      "type": "Feature",
      "geometry": {
        "type": "Point",
        "coordinates": [
          25.9763206,
          62.4547219
        ]
      },
      "properties": {
        "lipas_id": "",
        "nimi": "Tupaswillan avanto",
        "kunta": "Laukaa",
        "url": "https://www.tupaswilla.fi/sauna",
        "maksullinen": "",
        "kertapääsy": "",
        "pukuhuone": "",
        "sauna": "",
        "huomio": "Master-ID: U027. Palveluntarjoaja: Tupaswilla. Osoite: Ränssintie 5, 41370 Kuusa. Koordinaatin tyyppi: TARKISTETTU PALVELU-/OSOITEPISTE. Koordinaatti riittää palveluun navigointiin; uintilaiturin tai avannon tarkka piste voidaan täsmentää myöhemmin.",
        "id": "U027",
        "source": "master_v2_6_pm_approved_2026_10_03",
        "website": "https://www.tupaswilla.fi/sauna",
        "website_source": "Master v2.6 / W2 REVIEW-tarkistus",
        "website_checked_at": "2026-10-03",
        "address": "Ränssintie 5, 41370 Kuusa",
        "address_source": "",
        "address_checked_at": ""
      }
    },
    {
      "type": "Feature",
      "geometry": {
        "type": "Point",
        "coordinates": [
          25.9343593,
          62.4573002
        ]
      },
      "properties": {
        "lipas_id": "",
        "nimi": "Varjolan tilan avanto",
        "kunta": "Laukaa",
        "url": "https://www.varjola.com/sauna/avoimet-saunaillat",
        "maksullinen": "",
        "kertapääsy": "",
        "pukuhuone": "",
        "sauna": "",
        "huomio": "Master-ID: U030. Palveluntarjoaja: Varjola. Koordinaatin tyyppi: TARKISTETTU PALVELU-/OSOITEPISTE. Koordinaatti riittää palveluun navigointiin; uintilaiturin tai avannon tarkka piste voidaan täsmentää myöhemmin.",
        "id": "U030",
        "source": "master_v2_6_pm_approved_2026_10_03",
        "website": "https://www.varjola.com/sauna/avoimet-saunaillat",
        "website_source": "Master v2.6 / W2 REVIEW-tarkistus",
        "website_checked_at": "2026-10-03",
        "address": "Vilppulantie 51, 41370 Laukaa",
        "address_source": "https://kalenteri.jyvaskyla.fi/en/tapahtuma/3605b031-cdc1-42d9-9505-f08a5034427e",
        "address_checked_at": "2026-10-03"
      }
    },
    {
      "type": "Feature",
      "geometry": {
        "type": "Point",
        "coordinates": [
          22.434259,
          60.5684237
        ]
      },
      "properties": {
        "lipas_id": "",
        "nimi": "Zoolandian savusauna",
        "kunta": "Lieto",
        "url": "https://zoolandia.fi/savusauna/",
        "maksullinen": "",
        "kertapääsy": "",
        "pukuhuone": "",
        "sauna": "",
        "huomio": "Master-ID: U006. Palveluntarjoaja: Zoolandia. Osoite: Eläintarhantie 51. Koordinaatin tyyppi: TARKISTETTU PALVELU-/OSOITEPISTE. Koordinaatti riittää palveluun navigointiin; uintilaiturin tai avannon tarkka piste voidaan täsmentää myöhemmin.",
        "id": "U006",
        "source": "master_v2_6_pm_approved_2026_10_03",
        "website": "https://zoolandia.fi/savusauna/",
        "website_source": "Master v2.6 / W2 REVIEW-tarkistus",
        "website_checked_at": "2026-10-03",
        "address": "Eläintarhantie 51",
        "address_source": "",
        "address_checked_at": ""
      }
    },
    {
      "type": "Feature",
      "geometry": {
        "type": "Point",
        "coordinates": [
          24.4267844,
          60.7078807
        ]
      },
      "properties": {
        "lipas_id": "",
        "nimi": "Lopen kirkonkylän talviuinti",
        "kunta": "Loppi",
        "url": "https://www.suomi.fi/palvelut/palvelupiste/kirkonkylan-talviuintipaikka-loppijarvi-lopen-kunta/2154fcf2-ae01-4e93-93ea-3e75b011c130",
        "maksullinen": "",
        "kertapääsy": "",
        "pukuhuone": "",
        "sauna": "",
        "huomio": "Master-ID: U015. Palveluntarjoaja: Lopen kunta. Osoite: Uimarannantie 34, 12700 Loppi. Koordinaatin tyyppi: OSOITEPISTE – EI UINTIPISTE. Koordinaatti riittää palveluun navigointiin; uintilaiturin tai avannon tarkka piste voidaan täsmentää myöhemmin.",
        "id": "U015",
        "source": "master_v2_6_pm_approved_2026_10_03",
        "website": "https://www.suomi.fi/palvelut/palvelupiste/kirkonkylan-talviuintipaikka-loppijarvi-lopen-kunta/2154fcf2-ae01-4e93-93ea-3e75b011c130",
        "website_source": "Master v2.6 / W2 REVIEW-tarkistus",
        "website_checked_at": "2026-10-03",
        "address": "Uimarannantie 34, 12700 Loppi",
        "address_source": "",
        "address_checked_at": ""
      }
    },
    {
      "type": "Feature",
      "geometry": {
        "type": "Point",
        "coordinates": [
          26.4717169,
          60.5240017
        ]
      },
      "properties": {
        "lipas_id": "",
        "nimi": "Strömfors Sauna",
        "kunta": "Loviisa",
        "url": "https://www.loviisa.fi/ihanaloviisa/kohdekortit/stromfors-sauna/",
        "maksullinen": "",
        "kertapääsy": "",
        "pukuhuone": "",
        "sauna": "",
        "huomio": "Master-ID: U010. Palveluntarjoaja: Strömfors Sauna. Osoite: Ruukintie 10 I, Ruotsinpyhtää. Koordinaatin tyyppi: OSOITEPISTE – EI UINTIPISTE. Koordinaatti riittää palveluun navigointiin; uintilaiturin tai avannon tarkka piste voidaan täsmentää myöhemmin.",
        "id": "U010",
        "source": "master_v2_6_pm_approved_2026_10_03",
        "website": "https://www.loviisa.fi/ihanaloviisa/kohdekortit/stromfors-sauna/",
        "website_source": "Master v2.6 / W2 REVIEW-tarkistus",
        "website_checked_at": "2026-10-03",
        "address": "Ruukintie 10 I, Ruotsinpyhtää",
        "address_source": "",
        "address_checked_at": ""
      }
    },
    {
      "type": "Feature",
      "geometry": {
        "type": "Point",
        "coordinates": [
          27.286559,
          61.6329685
        ]
      },
      "properties": {
        "lipas_id": "",
        "nimi": "Kyyhkylän rantasauna ja talviuinti",
        "kunta": "Mikkeli",
        "url": "https://www.visitmikkeli.fi/en/teema/enjoy-a-true-finnish-sauna-experience-in-the-lake-saimaa-region",
        "maksullinen": "",
        "kertapääsy": "",
        "pukuhuone": "",
        "sauna": "",
        "huomio": "Master-ID: W2-025. Osoite: Kyyhkyläntie 9, 50700 Mikkeli. Koordinaatin tyyppi: NIMETTY PALVELUPISTE. Koordinaatti riittää palveluun navigointiin; uintilaiturin tai avannon tarkka piste voidaan täsmentää myöhemmin.",
        "id": "W2-025",
        "source": "master_v2_6_pm_approved_2026_10_03",
        "website": "https://www.visitmikkeli.fi/en/teema/enjoy-a-true-finnish-sauna-experience-in-the-lake-saimaa-region",
        "website_source": "Master v2.6 / W2 REVIEW-tarkistus",
        "website_checked_at": "2026-10-03",
        "address": "Kyyhkyläntie 6, 50700 Mikkeli",
        "address_source": "https://www.kyyhkyla.fi/yhteydenottopyynt%C3%B6",
        "address_checked_at": "2026-10-03"
      }
    },
    {
      "type": "Feature",
      "geometry": {
        "type": "Point",
        "coordinates": [
          25.6311453,
          62.1580375
        ]
      },
      "properties": {
        "lipas_id": "",
        "nimi": "Haikusaunan avanto",
        "kunta": "Muurame",
        "url": "https://kivitasku.com/yleisosauna/",
        "maksullinen": "",
        "kertapääsy": "",
        "pukuhuone": "",
        "sauna": "",
        "huomio": "Master-ID: U024. Palveluntarjoaja: Kivitasku. Osoite: Kivitaskuntie 48, 40950 Muurame. Koordinaatin tyyppi: OSOITEPISTE. Koordinaatti riittää palveluun navigointiin; uintilaiturin tai avannon tarkka piste voidaan täsmentää myöhemmin.",
        "id": "U024",
        "source": "master_v2_6_pm_approved_2026_10_03",
        "website": "https://kivitasku.com/yleisosauna/",
        "website_source": "Master v2.6 / W2 REVIEW-tarkistus",
        "website_checked_at": "2026-10-03",
        "address": "Kivitaskuntie 48, 40950 Muurame",
        "address_source": "https://www.visitfinland.com/en/product/74bb6ec5-4c8f-4b6b-b3b0-d2a1acac8a61/haikusauna/",
        "address_checked_at": "2026-10-03"
      }
    },
    {
      "type": "Feature",
      "geometry": {
        "type": "Point",
        "coordinates": [
          21.816676,
          60.729753
        ]
      },
      "properties": {
        "lipas_id": "",
        "nimi": "Kivijärven rantasaunan talviuinti",
        "kunta": "Mynämäki",
        "url": "https://www.mynamaki.fi/vapaa-aika-ja-kulttuuri/liikunta/liikuntapaikat/uimarannat/",
        "maksullinen": "",
        "kertapääsy": "",
        "pukuhuone": "",
        "sauna": "",
        "huomio": "Master-ID: U009. Palveluntarjoaja: Mynämäen Talviuimarit ry. Osoite: Tekovahantie 10, 23100 Mynämäki. Koordinaatin tyyppi: UIMARANNAN PALVELUPISTE. Koordinaatti riittää palveluun navigointiin; uintilaiturin tai avannon tarkka piste voidaan täsmentää myöhemmin.",
        "id": "U009",
        "source": "master_v2_6_pm_approved_2026_10_03",
        "website": "https://www.mynamaki.fi/vapaa-aika-ja-kulttuuri/liikunta/liikuntapaikat/uimarannat/",
        "website_source": "Master v2.6 / W2 REVIEW-tarkistus",
        "website_checked_at": "2026-10-03",
        "address": "Tekovahantie 10, 23100 Mynämäki",
        "address_source": "",
        "address_checked_at": ""
      }
    },
    {
      "type": "Feature",
      "geometry": {
        "type": "Point",
        "coordinates": [
          22.060101,
          61.4102269
        ]
      },
      "properties": {
        "lipas_id": "",
        "nimi": "Salomonkallion avantouintipaikka",
        "kunta": "Nakkila",
        "url": "https://nakkila.fi/matkailu/nae-ja-koe/",
        "maksullinen": "",
        "kertapääsy": "",
        "pukuhuone": "",
        "sauna": "",
        "huomio": "Master-ID: U082. Palveluntarjoaja: Salomonkallio. Osoite: Suomalaisentie 71, 29250 Nakkila. Koordinaatin tyyppi: NIMETTY PALVELUPISTE. Koordinaatti riittää palveluun navigointiin; uintilaiturin tai avannon tarkka piste voidaan täsmentää myöhemmin.",
        "id": "U082",
        "source": "master_v2_6_pm_approved_2026_10_03",
        "website": "https://nakkila.fi/matkailu/nae-ja-koe/",
        "website_source": "Master v2.6 / W2 REVIEW-tarkistus",
        "website_checked_at": "2026-10-03",
        "address": "Suomalaisentie 71, 29250 Nakkila",
        "address_source": "",
        "address_checked_at": ""
      }
    },
    {
      "type": "Feature",
      "geometry": {
        "type": "Point",
        "coordinates": [
          25.3711562,
          61.2776621
        ]
      },
      "properties": {
        "lipas_id": "",
        "nimi": "Maakesken kylän avantouintipaikka",
        "kunta": "Padasjoki",
        "url": "https://maakeski.fi/avantouintipaikka-maakeskeen/",
        "maksullinen": "",
        "kertapääsy": "",
        "pukuhuone": "",
        "sauna": "",
        "huomio": "Master-ID: U084. Palveluntarjoaja: Maakesken kylä ry. Osoite: Uimarannantie 1, Maakeski. Koordinaatin tyyppi: OSOITEPISTE – EI UINTIPISTE. Koordinaatti riittää palveluun navigointiin; uintilaiturin tai avannon tarkka piste voidaan täsmentää myöhemmin.",
        "id": "U084",
        "source": "master_v2_6_pm_approved_2026_10_03",
        "website": "https://maakeski.fi/avantouintipaikka-maakeskeen/",
        "website_source": "Master v2.6 / W2 REVIEW-tarkistus",
        "website_checked_at": "2026-10-03",
        "address": "Uimarannantie 1, Maakeski",
        "address_source": "",
        "address_checked_at": ""
      }
    },
    {
      "type": "Feature",
      "geometry": {
        "type": "Point",
        "coordinates": [
          26.7446843,
          63.2370103
        ]
      },
      "properties": {
        "lipas_id": "",
        "nimi": "Oikopolun avantouintipaikka",
        "kunta": "Pielavesi",
        "url": "https://pielavesi.fi/vapaa-aika-ja-matkailu/liikunta-ja-ulkoilu/talviliikuntapaikat/",
        "maksullinen": "",
        "kertapääsy": "",
        "pukuhuone": "",
        "sauna": "",
        "huomio": "Master-ID: U059. Palveluntarjoaja: Pielaveden kunta. Osoite: Oikopolku 23, 72400 Pielavesi. Koordinaatin tyyppi: TIE-/PALVELUPISTE. Koordinaatti riittää palveluun navigointiin; uintilaiturin tai avannon tarkka piste voidaan täsmentää myöhemmin.",
        "id": "U059",
        "source": "master_v2_6_pm_approved_2026_10_03",
        "website": "https://pielavesi.fi/vapaa-aika-ja-matkailu/liikunta-ja-ulkoilu/talviliikuntapaikat/",
        "website_source": "Master v2.6 / W2 REVIEW-tarkistus",
        "website_checked_at": "2026-10-03",
        "address": "Oikopolku, Pielavesi",
        "address_source": "https://pielavesi.fi/vapaa-aika-ja-matkailu/liikunta-ja-ulkoilu/talviliikuntapaikat/",
        "address_checked_at": "2026-10-03"
      }
    },
    {
      "type": "Feature",
      "geometry": {
        "type": "Point",
        "coordinates": [
          21.7900329,
          61.4917166
        ]
      },
      "properties": {
        "lipas_id": "",
        "nimi": "Rauha Sauna & Lounge",
        "kunta": "Pori",
        "url": "https://rauhasauna.fi/sauna-ja-lounge/tilat-ja-palvelut/",
        "maksullinen": "",
        "kertapääsy": "",
        "pukuhuone": "",
        "sauna": "",
        "huomio": "Master-ID: U043. Palveluntarjoaja: Rauha Sauna & Lounge. Osoite: Raatimiehenranta 1, 28100 Pori. Koordinaatin tyyppi: RANTA-/PALVELUPISTE. Koordinaatti riittää palveluun navigointiin; uintilaiturin tai avannon tarkka piste voidaan täsmentää myöhemmin.",
        "id": "U043",
        "source": "master_v2_6_pm_approved_2026_10_03",
        "website": "https://rauhasauna.fi/sauna-ja-lounge/tilat-ja-palvelut/",
        "website_source": "Master v2.6 / W2 REVIEW-tarkistus",
        "website_checked_at": "2026-10-03",
        "address": "Raatimiehenranta 1, 28100 Pori",
        "address_source": "",
        "address_checked_at": ""
      }
    },
    {
      "type": "Feature",
      "geometry": {
        "type": "Point",
        "coordinates": [
          25.2900798,
          60.4731476
        ]
      },
      "properties": {
        "lipas_id": "",
        "nimi": "Metsähovin tilan avanto",
        "kunta": "Pornainen",
        "url": "https://www.metsahovintila.fi/sauna-ja-kokous",
        "maksullinen": "",
        "kertapääsy": "",
        "pukuhuone": "",
        "sauna": "",
        "huomio": "Master-ID: U011. Palveluntarjoaja: Metsähovin tila. Osoite: Tapiolantie 41, 07170 Pornainen. Koordinaatin tyyppi: OSOITEPISTE – EI UINTIPISTE. Koordinaatti riittää palveluun navigointiin; uintilaiturin tai avannon tarkka piste voidaan täsmentää myöhemmin.",
        "id": "U011",
        "source": "master_v2_6_pm_approved_2026_10_03",
        "website": "https://www.metsahovintila.fi/sauna-ja-kokous",
        "website_source": "Master v2.6 / W2 REVIEW-tarkistus",
        "website_checked_at": "2026-10-03",
        "address": "Tapiolantie 41, 07170 Pornainen",
        "address_source": "",
        "address_checked_at": ""
      }
    },
    {
      "type": "Feature",
      "geometry": {
        "type": "Point",
        "coordinates": [
          25.4898513,
          60.6704114
        ]
      },
      "properties": {
        "lipas_id": "",
        "nimi": "Iilijärven avantouintipaikka",
        "kunta": "Pukkila",
        "url": "https://www.pukkila.fi/client/pukkila/userfiles/pukkilan-liikuntaesite-kausi-2026-2027-1786622270.pdf",
        "maksullinen": "",
        "kertapääsy": "",
        "pukuhuone": "",
        "sauna": "",
        "huomio": "Master-ID: U064. Palveluntarjoaja: Pukkilan kunta. Osoite: Iilijärventie 2000, 07560 Pukkila. Koordinaatin tyyppi: NIMETTY PALVELUPISTE. Koordinaatti riittää palveluun navigointiin; uintilaiturin tai avannon tarkka piste voidaan täsmentää myöhemmin.",
        "id": "U064",
        "source": "master_v2_6_pm_approved_2026_10_03",
        "website": "https://www.pukkila.fi/client/pukkila/userfiles/pukkilan-liikuntaesite-kausi-2026-2027-1786622270.pdf",
        "website_source": "Master v2.6 / W2 REVIEW-tarkistus",
        "website_checked_at": "2026-10-03",
        "address": "Iilijärventie 2000, 07560 Pukkila",
        "address_source": "",
        "address_checked_at": ""
      }
    },
    {
      "type": "Feature",
      "geometry": {
        "type": "Point",
        "coordinates": [
          27.7996713,
          64.9292728
        ]
      },
      "properties": {
        "lipas_id": "",
        "nimi": "B&B Aittorannan avantosauna",
        "kunta": "Puolanka",
        "url": "https://www.aittoranta.fi/",
        "maksullinen": "",
        "kertapääsy": "",
        "pukuhuone": "",
        "sauna": "",
        "huomio": "Master-ID: U075. Palveluntarjoaja: B&B Aittoranta. Osoite: Kouluntie 8, 89200 Puolanka. Koordinaatin tyyppi: OSOITEPISTE – EI UINTIPISTE. Koordinaatti riittää palveluun navigointiin; uintilaiturin tai avannon tarkka piste voidaan täsmentää myöhemmin.",
        "id": "U075",
        "source": "master_v2_6_pm_approved_2026_10_03",
        "website": "https://www.aittoranta.fi/",
        "website_source": "Master v2.6 / W2 REVIEW-tarkistus",
        "website_checked_at": "2026-10-03",
        "address": "Kouluntie 8, 89200 Puolanka",
        "address_source": "",
        "address_checked_at": ""
      }
    },
    {
      "type": "Feature",
      "geometry": {
        "type": "Point",
        "coordinates": [
          26.7483421,
          60.4922705
        ]
      },
      "properties": {
        "lipas_id": "",
        "nimi": "Villa Järvelän talviuintipaikka (Pantsun talo)",
        "kunta": "Pyhtää",
        "url": "https://pyhtaa.fi/sites/default/files/inline-images/Toden%20toinen%20liikuntasanomat.pdf",
        "maksullinen": "",
        "kertapääsy": "",
        "pukuhuone": "",
        "sauna": "",
        "huomio": "Master-ID: U068. Palveluntarjoaja: Pyhtään Yritys ry. Osoite: Kärsäjärventie 1, 49210 Pyhtää. Koordinaatin tyyppi: OSOITEPISTE. Koordinaatti riittää palveluun navigointiin; uintilaiturin tai avannon tarkka piste voidaan täsmentää myöhemmin.",
        "id": "U068",
        "source": "master_v2_6_pm_approved_2026_10_03",
        "website": "https://pyhtaa.fi/sites/default/files/inline-images/Toden%20toinen%20liikuntasanomat.pdf",
        "website_source": "Master v2.6 / W2 REVIEW-tarkistus",
        "website_checked_at": "2026-10-03",
        "address": "Kärsäjärventie 1, 49210 Pyhtää",
        "address_source": "",
        "address_checked_at": ""
      }
    },
    {
      "type": "Feature",
      "geometry": {
        "type": "Point",
        "coordinates": [
          21.475002,
          60.8823211
        ]
      },
      "properties": {
        "lipas_id": "",
        "nimi": "Pinetree Cottagesin talviuintilampi",
        "kunta": "Pyhäranta",
        "url": "https://visituusikaupunki.fi/fi/majoitu/pinetree-cottages",
        "maksullinen": "",
        "kertapääsy": "",
        "pukuhuone": "",
        "sauna": "",
        "huomio": "Master-ID: U065. Palveluntarjoaja: Pinetree Cottages. Osoite: Hakajärvenpolku 27, 23600 Pyhäranta. Koordinaatin tyyppi: OSOITEPISTE. Koordinaatti riittää palveluun navigointiin; uintilaiturin tai avannon tarkka piste voidaan täsmentää myöhemmin.",
        "id": "U065",
        "source": "master_v2_6_pm_approved_2026_10_03",
        "website": "https://visituusikaupunki.fi/fi/majoitu/pinetree-cottages",
        "website_source": "Master v2.6 / W2 REVIEW-tarkistus",
        "website_checked_at": "2026-10-03",
        "address": "Hakajärvenpolku 27, Pyhäranta",
        "address_source": "https://visituusikaupunki.fi/fi/majoitu/pinetree-cottages",
        "address_checked_at": "2026-10-03"
      }
    },
    {
      "type": "Feature",
      "geometry": {
        "type": "Point",
        "coordinates": [
          26.5293547,
          65.9276653
        ]
      },
      "properties": {
        "lipas_id": "",
        "nimi": "Luplandin yksityinen sauna- ja avantouintielämys",
        "kunta": "Ranua",
        "url": "https://lupland.fi/fi/activities/sauna-ice-bath",
        "maksullinen": "",
        "kertapääsy": "",
        "pukuhuone": "",
        "sauna": "",
        "huomio": "Master-ID: U057. Palveluntarjoaja: Lupland. Osoite: Pappilantie 1, 97700 Ranua. Koordinaatin tyyppi: VIRALLINEN TAPAAMISPISTE. Piste on virallinen tapaamispaikka; kuljetus erilliselle järvisaunalle sisältyy palveluun eikä piste kuvaa varsinaista avantoa.",
        "id": "U057",
        "source": "master_v2_6_pm_approved_2026_10_03",
        "website": "https://lupland.fi/fi/activities/sauna-ice-bath",
        "website_source": "Master v2.6 / W2 REVIEW-tarkistus",
        "website_checked_at": "2026-10-03",
        "address": "Pappilantie 1, 97700 Ranua",
        "address_source": "https://lupland.johku.com/en_US/kesa-ja-syysaktiviteetit/sauna-ice-bath",
        "address_checked_at": "2026-10-03"
      }
    },
    {
      "type": "Feature",
      "geometry": {
        "type": "Point",
        "coordinates": [
          22.8831133,
          60.087288
        ]
      },
      "properties": {
        "lipas_id": "",
        "nimi": "Niksaaren talviuinti",
        "kunta": "Salo",
        "url": "https://salo.fi/vapaa-aika-ja-matkailu/liikunta/ulkoliikuntapaikat/uimarannat/talviuinti/",
        "maksullinen": "",
        "kertapääsy": "",
        "pukuhuone": "",
        "sauna": "",
        "huomio": "Master-ID: U044. Palveluntarjoaja: Temp ry. Osoite: Niksaarentie, 25640 Förby. Koordinaatin tyyppi: OSOITEPISTE – EI UINTIPISTE. Koordinaatti riittää palveluun navigointiin; uintilaiturin tai avannon tarkka piste voidaan täsmentää myöhemmin.",
        "id": "U044",
        "source": "master_v2_6_pm_approved_2026_10_03",
        "website": "https://salo.fi/vapaa-aika-ja-matkailu/liikunta/ulkoliikuntapaikat/uimarannat/talviuinti/",
        "website_source": "Master v2.6 / W2 REVIEW-tarkistus",
        "website_checked_at": "2026-10-03",
        "address": "Niksaarentie, 25640 Förby",
        "address_source": "",
        "address_checked_at": ""
      }
    },
    {
      "type": "Feature",
      "geometry": {
        "type": "Point",
        "coordinates": [
          22.9176962,
          61.3492744
        ]
      },
      "properties": {
        "lipas_id": "",
        "nimi": "Tervahovin avantosauna",
        "kunta": "Sastamala",
        "url": "https://kerhisgym.fi/avantosauna/",
        "maksullinen": "",
        "kertapääsy": "",
        "pukuhuone": "",
        "sauna": "",
        "huomio": "Master-ID: U077. Palveluntarjoaja: KerhisGym (jäsenvuorot) / Hovikallio Oy (Tervahovi). Osoite: Uittomiehenkatu 19, 38210 Sastamala. Koordinaatin tyyppi: OSOITEPISTE – EI UINTIPISTE. Koordinaatti riittää palveluun navigointiin; uintilaiturin tai avannon tarkka piste voidaan täsmentää myöhemmin.",
        "id": "U077",
        "source": "master_v2_6_pm_approved_2026_10_03",
        "website": "https://kerhisgym.fi/avantosauna/",
        "website_source": "Master v2.6 / W2 REVIEW-tarkistus",
        "website_checked_at": "2026-10-03",
        "address": "Uittomiehenkatu 19, 38210 Sastamala",
        "address_source": "",
        "address_checked_at": ""
      }
    },
    {
      "type": "Feature",
      "geometry": {
        "type": "Point",
        "coordinates": [
          27.6980507,
          62.9742924
        ]
      },
      "properties": {
        "lipas_id": "",
        "nimi": "Kunnonpaikan savusaunan avanto",
        "kunta": "Siilinjärvi",
        "url": "https://www.huimausjameniereliitto.fi/tapahtumat/viikonloppu-kunnonpaikassa/",
        "maksullinen": "",
        "kertapääsy": "",
        "pukuhuone": "",
        "sauna": "",
        "huomio": "Master-ID: U081. Palveluntarjoaja: Kylpylähotelli Kunnonpaikka. Osoite: Jokiharjuntie 3, 70910 Vuorela. Koordinaatin tyyppi: OSOITEPISTE – EI UINTIPISTE. Koordinaatti riittää palveluun navigointiin; uintilaiturin tai avannon tarkka piste voidaan täsmentää myöhemmin.",
        "id": "U081",
        "source": "master_v2_6_pm_approved_2026_10_03",
        "website": "https://www.huimausjameniereliitto.fi/tapahtumat/viikonloppu-kunnonpaikassa/",
        "website_source": "Master v2.6 / W2 REVIEW-tarkistus",
        "website_checked_at": "2026-10-03",
        "address": "Jokiharjuntie 3, 70910 Vuorela",
        "address_source": "",
        "address_checked_at": ""
      }
    },
    {
      "type": "Feature",
      "geometry": {
        "type": "Point",
        "coordinates": [
          24.0675801,
          62.8923423
        ]
      },
      "properties": {
        "lipas_id": "",
        "nimi": "Alasen rannan avantouintipaikka",
        "kunta": "Soini",
        "url": "https://kunta.soini.fi/fi/hyvinvointi-ja-vapaa-aika/liikuntapalvelut/ulkoliikuntapaikat/uimarannat-ja-avannot",
        "maksullinen": "",
        "kertapääsy": "",
        "pukuhuone": "",
        "sauna": "",
        "huomio": "Master-ID: U067. Palveluntarjoaja: Laasalan kyläyhdistys. Osoite: Alajärventie 841, Soini. Koordinaatin tyyppi: OSOITEPISTE – EI UINTIPISTE. Koordinaatti riittää palveluun navigointiin; uintilaiturin tai avannon tarkka piste voidaan täsmentää myöhemmin.",
        "id": "U067",
        "source": "master_v2_6_pm_approved_2026_10_03",
        "website": "https://kunta.soini.fi/fi/hyvinvointi-ja-vapaa-aika/liikuntapalvelut/ulkoliikuntapaikat/uimarannat-ja-avannot",
        "website_source": "Master v2.6 / W2 REVIEW-tarkistus",
        "website_checked_at": "2026-10-03",
        "address": "Alajärventie 841, Soini",
        "address_source": "",
        "address_checked_at": ""
      }
    },
    {
      "type": "Feature",
      "geometry": {
        "type": "Point",
        "coordinates": [
          29.550969,
          65.4430582
        ]
      },
      "properties": {
        "lipas_id": "",
        "nimi": "Hossan Lumon avanto",
        "kunta": "Suomussalmi",
        "url": "https://visitsuomussalmi.fi/avantouinti/",
        "maksullinen": "",
        "kertapääsy": "",
        "pukuhuone": "",
        "sauna": "",
        "huomio": "Master-ID: U080. Palveluntarjoaja: Hossan Lumo. Osoite: Lumontie 3, 89920 Ruhtinansalmi. Koordinaatin tyyppi: OSOITEPISTE – EI UINTIPISTE. Koordinaatti riittää palveluun navigointiin; uintilaiturin tai avannon tarkka piste voidaan täsmentää myöhemmin.",
        "id": "U080",
        "source": "master_v2_6_pm_approved_2026_10_03",
        "website": "https://visitsuomussalmi.fi/avantouinti/",
        "website_source": "Master v2.6 / W2 REVIEW-tarkistus",
        "website_checked_at": "2026-10-03",
        "address": "Lumontie 3, 89920 Ruhtinansalmi",
        "address_source": "",
        "address_checked_at": ""
      }
    },
    {
      "type": "Feature",
      "geometry": {
        "type": "Point",
        "coordinates": [
          29.5575019,
          65.4379775
        ]
      },
      "properties": {
        "lipas_id": "",
        "nimi": "Loma-Hossan Rajakartanon avanto",
        "kunta": "Suomussalmi",
        "url": "https://hossa.fi/palvelut/loma-hossa/",
        "maksullinen": "",
        "kertapääsy": "",
        "pukuhuone": "",
        "sauna": "",
        "huomio": "Master-ID: U079. Palveluntarjoaja: Loma-Hossa. Osoite: Hossantie 273, 89920 Ruhtinansalmi. Koordinaatin tyyppi: OSOITEPISTE – EI UINTIPISTE. Koordinaatti riittää palveluun navigointiin; uintilaiturin tai avannon tarkka piste voidaan täsmentää myöhemmin.",
        "id": "U079",
        "source": "master_v2_6_pm_approved_2026_10_03",
        "website": "https://hossa.fi/palvelut/loma-hossa/",
        "website_source": "Master v2.6 / W2 REVIEW-tarkistus",
        "website_checked_at": "2026-10-03",
        "address": "Hossantie 273, 89920 Ruhtinansalmi",
        "address_source": "",
        "address_checked_at": ""
      }
    },
    {
      "type": "Feature",
      "geometry": {
        "type": "Point",
        "coordinates": [
          21.5366303,
          60.5633836
        ]
      },
      "properties": {
        "lipas_id": "",
        "nimi": "Mansikkakarin avantouintipaikka",
        "kunta": "Taivassalo",
        "url": "https://www.taivassalo.fi/vapaa-aika/liikunta/ulkoliikuntapaikat",
        "maksullinen": "",
        "kertapääsy": "",
        "pukuhuone": "",
        "sauna": "",
        "huomio": "Master-ID: U063. Palveluntarjoaja: Taivassalon kunta. Osoite: Mansikkakarintie, 23310 Taivassalo. Koordinaatin tyyppi: TIE-/PALVELUPISTE. Koordinaatti riittää palveluun navigointiin; uintilaiturin tai avannon tarkka piste voidaan täsmentää myöhemmin.",
        "id": "U063",
        "source": "master_v2_6_pm_approved_2026_10_03",
        "website": "https://www.taivassalo.fi/vapaa-aika/liikunta/ulkoliikuntapaikat",
        "website_source": "Master v2.6 / W2 REVIEW-tarkistus",
        "website_checked_at": "2026-10-03",
        "address": "Mansikkakarintie, 23310 Taivassalo",
        "address_source": "",
        "address_checked_at": ""
      }
    },
    {
      "type": "Feature",
      "geometry": {
        "type": "Point",
        "coordinates": [
          23.7601491,
          61.4949243
        ]
      },
      "properties": {
        "lipas_id": "",
        "nimi": "Saunaravintola Kuuman talviuinti",
        "kunta": "Tampere",
        "url": "https://www.saunaravintolakuuma.fi/hiihtoloma-kuumassa-lampoa-makuja-ja-talven-parhaita-hetkia/",
        "maksullinen": "",
        "kertapääsy": "",
        "pukuhuone": "",
        "sauna": "",
        "huomio": "Master-ID: U042. Palveluntarjoaja: Saunaravintola Kuuma. Osoite: Laukontori 21, 33100 Tampere. Koordinaatin tyyppi: OSOITEPISTE – EI UINTIPISTE. Koordinaatti riittää palveluun navigointiin; uintilaiturin tai avannon tarkka piste voidaan täsmentää myöhemmin.",
        "id": "U042",
        "source": "master_v2_6_pm_approved_2026_10_03",
        "website": "https://www.saunaravintolakuuma.fi/hiihtoloma-kuumassa-lampoa-makuja-ja-talven-parhaita-hetkia/",
        "website_source": "Master v2.6 / W2 REVIEW-tarkistus",
        "website_checked_at": "2026-10-03",
        "address": "Laukontori 21, 33100 Tampere",
        "address_source": "",
        "address_checked_at": ""
      }
    },
    {
      "type": "Feature",
      "geometry": {
        "type": "Point",
        "coordinates": [
          26.7588441,
          62.9581511
        ]
      },
      "properties": {
        "lipas_id": "",
        "nimi": "Tervonsalmen venesataman avantouintipaikka",
        "kunta": "Tervo",
        "url": "https://www.tervo.fi/avantouinti",
        "maksullinen": "",
        "kertapääsy": "",
        "pukuhuone": "",
        "sauna": "",
        "huomio": "Master-ID: U054. Palveluntarjoaja: Tervon kunta. Osoite: Tervonsalmen venesatama, 72210 Tervo. Koordinaatin tyyppi: VIRALLISEN KUNTAKARTAN PISTE. Koordinaatti riittää palveluun navigointiin; uintilaiturin tai avannon tarkka piste voidaan täsmentää myöhemmin.",
        "id": "U054",
        "source": "master_v2_6_pm_approved_2026_10_03",
        "website": "https://www.tervo.fi/avantouinti",
        "website_source": "Master v2.6 / W2 REVIEW-tarkistus",
        "website_checked_at": "2026-10-03",
        "address": "Tervonsalmen venesatama, 72210 Tervo",
        "address_source": "",
        "address_checked_at": ""
      }
    },
    {
      "type": "Feature",
      "geometry": {
        "type": "Point",
        "coordinates": [
          28.4867882,
          62.8062617
        ]
      },
      "properties": {
        "lipas_id": "",
        "nimi": "Tuusniemen uimalan avantouintipaikka",
        "kunta": "Tuusniemi",
        "url": "https://www.tuusniemi.fi/documents/7646151/9294563/Avustusohjesa%CC%88a%CC%88nto%CC%88_2026_Tuusniemi%2B%281%29.pdf/7759859e-a514-4a8a-bb94-d41590f960fd",
        "maksullinen": "",
        "kertapääsy": "",
        "pukuhuone": "",
        "sauna": "",
        "huomio": "Master-ID: U069. Palveluntarjoaja: Tuusniemen Raju. Osoite: Anaskintie 38, Tuusniemi. Koordinaatin tyyppi: OSOITEPISTE – EI UINTIPISTE. Koordinaatti riittää palveluun navigointiin; uintilaiturin tai avannon tarkka piste voidaan täsmentää myöhemmin.",
        "id": "U069",
        "source": "master_v2_6_pm_approved_2026_10_03",
        "website": "https://www.tuusniemi.fi/documents/7646151/9294563/Avustusohjesa%CC%88a%CC%88nto%CC%88_2026_Tuusniemi%2B%281%29.pdf/7759859e-a514-4a8a-bb94-d41590f960fd",
        "website_source": "Master v2.6 / W2 REVIEW-tarkistus",
        "website_checked_at": "2026-10-03",
        "address": "Anaskintie 38, Tuusniemi",
        "address_source": "",
        "address_checked_at": ""
      }
    },
    {
      "type": "Feature",
      "geometry": {
        "type": "Point",
        "coordinates": [
          24.0369884,
          61.2695297
        ]
      },
      "properties": {
        "lipas_id": "",
        "nimi": "M/S Waltikan avantosauna",
        "kunta": "Valkeakoski",
        "url": "https://kerhisgym.fi/avantosauna/",
        "maksullinen": "",
        "kertapääsy": "",
        "pukuhuone": "",
        "sauna": "",
        "huomio": "Master-ID: U076. Palveluntarjoaja: Rantahotelli Waltikka / KerhisGym (jäsenvuorot). Osoite: Kirkonrannan vierasvenesatama, Hakalantie 4, 37600 Valkeakoski. Koordinaatin tyyppi: SATAMA-/PALVELUPISTE. Koordinaatti riittää palveluun navigointiin; uintilaiturin tai avannon tarkka piste voidaan täsmentää myöhemmin.",
        "id": "U076",
        "source": "master_v2_6_pm_approved_2026_10_03",
        "website": "https://kerhisgym.fi/avantosauna/",
        "website_source": "Master v2.6 / W2 REVIEW-tarkistus",
        "website_checked_at": "2026-10-03",
        "address": "Hakalantie 6, 37600 Valkeakoski",
        "address_source": "https://www.waltikka.fi/yhteystiedot/",
        "address_checked_at": "2026-10-03"
      }
    },
    {
      "type": "Feature",
      "geometry": {
        "type": "Point",
        "coordinates": [
          24.0608366,
          62.6553282
        ]
      },
      "properties": {
        "lipas_id": "",
        "nimi": "Honkiniemen luontoleirikeskuksen avantouintipaikka",
        "kunta": "Ähtäri",
        "url": "https://luontoleirikeskus.fi/",
        "maksullinen": "",
        "kertapääsy": "",
        "pukuhuone": "",
        "sauna": "",
        "huomio": "Master-ID: U071. Palveluntarjoaja: Seinäjoen seurakunta / Honkiniemen luontoleirikeskus. Osoite: Honkiniementie 150, 63700 Ähtäri. Koordinaatin tyyppi: OSOITEPISTE – EI UINTIPISTE. Koordinaatti riittää palveluun navigointiin; uintilaiturin tai avannon tarkka piste voidaan täsmentää myöhemmin.",
        "id": "U071",
        "source": "master_v2_6_pm_approved_2026_10_03",
        "website": "https://luontoleirikeskus.fi/",
        "website_source": "Master v2.6 / W2 REVIEW-tarkistus",
        "website_checked_at": "2026-10-03",
        "address": "Honkiniementie 150, 63700 Ähtäri",
        "address_source": "",
        "address_checked_at": ""
      }
    },
    {
      "type": "Feature",
      "geometry": {
        "type": "Point",
        "coordinates": [
          24.1793178,
          62.5362628
        ]
      },
      "properties": {
        "lipas_id": "",
        "nimi": "Saunaravintola Kiulun avanto",
        "kunta": "Ähtäri",
        "url": "https://www.ravintolakiulu.fi/ryhmat/",
        "maksullinen": "",
        "kertapääsy": "",
        "pukuhuone": "",
        "sauna": "",
        "huomio": "Master-ID: U078. Palveluntarjoaja: Ravintola Kiulu Oy. Osoite: Karhunkierros 167, 63920 Ähtäri. Koordinaatin tyyppi: OSOITEPISTE – EI UINTIPISTE. Koordinaatti riittää palveluun navigointiin; uintilaiturin tai avannon tarkka piste voidaan täsmentää myöhemmin.",
        "id": "U078",
        "source": "master_v2_6_pm_approved_2026_10_03",
        "website": "https://www.ravintolakiulu.fi/ryhmat/",
        "website_source": "Master v2.6 / W2 REVIEW-tarkistus",
        "website_checked_at": "2026-10-03",
        "address": "Karhunkierros 167, 63920 Ähtäri",
        "address_source": "",
        "address_checked_at": ""
      }
    }
  ]
}
